data;sala;przew;godz;imiê;nazwisko;studia;nr_albumu;opiekun;recenzent;cz³onek;jedn
14.12.2017;A-101;dr in¿. Anna Szlachta;9:00;imiê_1;nazwisko_1;EF-DI;nr_albumu_1;dr hab. in¿. Jan Prokop, prof. PRz;dr in¿. Piotr Bogusz;-;ED
24.01.2018;A-106;dr in¿. Witold Posiewa³a;9:00;imiê_2;nazwisko_2;ET-DI;nr_albumu_2;prof. dr hab. in¿. Mykhaylo Dorozhovets;dr in¿. Anna Szlachta;-;EM
26.01.2018;A-101;dr in¿. Anna Szlachta;8:00;imiê_3;nazwisko_3;EF-DI;nr_albumu_3;dr in¿. Krzysztof Wiktorowicz;dr in¿. Tomasz Krzeszowski;-;EA
26.01.2018;A-101;dr in¿. Witold Posiewa³a;8:30;imiê_4;nazwisko_4;EN-DI;nr_albumu_4;dr in¿. Anna Szlachta;dr in¿. Jakub Wojturski;-;EM
29.01.2018;A-101;dr in¿. Anna Szlachta;10:00;imiê_5;nazwisko_5;EF-DI;nr_albumu_5;dr in¿. Mariusz Oszust;dr in¿. Tomasz Kapuœciñski;-;EA
29.01.2018;A-101;dr in¿. Anna Szlachta;10:30;imiê_6;nazwisko_6;EF-DI;nr_albumu_6;dr in¿. Tomasz Kapuœciñski;dr in¿. Mariusz Oszust;-;EA
29.01.2018;A-101;dr in¿. Anna Szlachta;11:00;imiê_7;nazwisko_7;EA-DI;nr_albumu_7;dr hab. in¿. Marian Wysocki, prof. PRz;dr in¿. Andrzej Stec;-;EA
29.01.2018;A-101;dr in¿. Anna Szlachta;11:30;imiê_8;nazwisko_8;EA-DI;nr_albumu_8;dr hab. in¿. Marian Wysocki, prof. PRz;dr in¿. Andrzej Stec;-;EA
29.01.2018;A-101;dr in¿. Anna Szlachta;12:00;imiê_9;nazwisko_9;EF-DI;nr_albumu_9;dr in¿. Grzegorz Dra³us;dr hab. in¿. Damian Mazur, prof. PRz;-;ET
29.01.2018;A-106;dr in¿. Witold Posiewa³a;10:00;imiê_10;nazwisko_10;EN-DI;nr_albumu_10;dr in¿. Tomasz Binkowski;dr in¿. Dariusz Sobczyñski;-;EE
30.01.2018;A-101;dr in¿. Anna Szlachta;13:00;imiê_11;nazwisko_11;ET-DI;nr_albumu_11;dr in¿. Barbara Wilk;dr hab. in¿. Robert Hanus, prof. PRz;-;EM
30.01.2018;A-101;dr in¿. Witold Posiewa³a;08:00;imiê_12;nazwisko_12;EA-DI;nr_albumu_12;dr in¿. Anna Szlachta;dr in¿. Jakub Wojturski;-;EM
30.01.2018;A-101;dr in¿. Witold Posiewa³a;12:00;imiê_13;nazwisko_13;EN-DI;nr_albumu_13;mgr in¿. Kazimierz Brydak;dr hab. in¿. Robert Hanus, prof. PRz;-;EM
30.01.2018;A-101;dr in¿. Witold Posiewa³a;12:30;imiê_14;nazwisko_14;ET-DI;nr_albumu_14;dr in¿. Anna Szlachta;dr in¿. Jakub Wojturski;-;EM
31.01.2018;A-101;dr in¿. Anna Szlachta;07:30;imiê_15;nazwisko_15;EF-DI;nr_albumu_15;dr in¿. Bartosz Trybus;dr in¿. Dariusz Rzoñca;-;EA
31.01.2018;A-101;dr in¿. Anna Szlachta;08:00;imiê_16;nazwisko_16;EF-DI;nr_albumu_16;dr in¿. Grzegorz Dec;dr in¿. Bartosz Trybus;-;EA
31.01.2018;A-101;dr in¿. Anna Szlachta;9:00;imiê_17;nazwisko_17;EF-DI;nr_albumu_17;dr in¿. Maciej Kusy;dr in¿. Mariusz M¹czka;-;EP
31.01.2018;A-101;dr in¿. Anna Szlachta;9:30;imiê_18;nazwisko_18;EF-DI;nr_albumu_18;dr in¿. Roman Tabisz;dr in¿. Barbara Wilk;mgr in¿. Kazimierz Brydak;EM
31.01.2018;A-106;dr in¿. Witold Posiewa³a;7:30;imiê_19;nazwisko_19;EA-DI;nr_albumu_19;dr in¿. Tomasz Krzeszowski;dr in¿. Krzysztof Wiktorowicz;-;EA
31.01.2018;A-106;dr in¿. Witold Posiewa³a;8:00;imiê_20;nazwisko_20;EA-DI;nr_albumu_20;dr in¿. Roman Zajdel;dr in¿. Krzysztof Wiktorowicz;-;EA
31.01.2018;A-106;dr in¿. Witold Posiewa³a;8:30;imiê_21;nazwisko_21;EF-DI;nr_albumu_21;dr in¿. Maciej Kusy;dr in¿. Roman Zajdel;-;EP, EA
31.01.2018;A-106;dr in¿. Witold Posiewa³a;9:00;imiê_22;nazwisko_22;EA-DI;nr_albumu_22;dr in¿. Dariusz Rzoñca;dr in¿. Zbigniew Hajduk;-;EA
31.01.2018;A-106;dr in¿. Witold Posiewa³a;9:30;imiê_23;nazwisko_23;EA-DI;nr_albumu_23;dr in¿. Zbigniew Hajduk;dr in¿. S³awomir Samolej;-;EA
31.01.2018;A-106;dr in¿. Witold Posiewa³a;10:00;imiê_24;nazwisko_24;EA-DI;nr_albumu_24;dr in¿. S³awomir Samolej;dr in¿. Tomasz ¯abiñski;-;EA
01.02.2018;A-101;dr hab. in¿. Les³aw Gniewek, prof. PRz;11:30;imiê_25;nazwisko_25;EF-DI;nr_albumu_25;dr in¿. Bartosz Trybus;dr in¿. Grzegorz Dec;-;EA
01.02.2018;A-101;dr hab. in¿. Les³aw Gniewek, prof. PRz;12:00;imiê_26;nazwisko_26;EF-DI;nr_albumu_26;dr in¿. Bartosz Trybus;dr in¿. Bartosz Paw³owicz;-;EA, EU
01.02.2018;A-101;dr hab. in¿. Les³aw Gniewek, prof. PRz;12:30;imiê_27;nazwisko_27;EF-DI;nr_albumu_27;dr in¿. Bartosz Trybus;dr in¿. Bartosz Paw³owicz;-;EA
01.02.2018;A-101;dr hab. in¿. Les³aw Gniewek, prof. PRz;13:00;imiê_28;nazwisko_28;EF-DI;nr_albumu_28;dr in¿. Bartosz Trybus;dr in¿. Bartosz Paw³owicz;-;EA, EU
01.02.2018;A-101;dr hab. in¿. Les³aw Gniewek, prof. PRz;13:30;imiê_29;nazwisko_29;EA-DI;nr_albumu_29;dr in¿. Bartosz Trybus;dr in¿. Andrzej Stec;-;EA
01.02.2018;A-101;dr hab. in¿. Les³aw Gniewek, prof. PRz;14:00;imiê_30;nazwisko_30;EA-DI;nr_albumu_30;dr in¿. Dariusz Rzoñca;dr in¿. Bartosz Trybus;-;EA
01.02.2018;A-101;dr hab. in¿. Les³aw Gniewek, prof. PRz;14:30;imiê_31;nazwisko_31;EA-DI;nr_albumu_31;prof. dr hab. in¿. Leszek Trybus;dr in¿. Dariusz Rzoñca;-;EA
01.02.2018;A-101;dr hab. in¿. Les³aw Gniewek, prof. PRz;15:00;imiê_32;nazwisko_32;EA-DI;nr_albumu_32;prof. dr hab. in¿. Leszek Trybus;dr in¿. Andrzej Stec;-;EA
01.02.2018;A-101;dr hab. in¿. Les³aw Gniewek, prof. PRz;15:30;imiê_33;nazwisko_33;EA-DI;nr_albumu_33;prof. dr hab. in¿. Leszek Trybus;dr in¿. Andrzej Stec;-;EA
01.02.2018;A-101;dr hab. in¿. Les³aw Gniewek, prof. PRz;16:00;imiê_34;nazwisko_34;EA-DI;nr_albumu_34;prof. dr hab. in¿. Leszek Trybus;dr in¿. Andrzej Bo¿ek;-;EA
01.02.2018;A-101;dr in¿. Anna Szlachta;7:00;imiê_35;nazwisko_35;EA-DI;nr_albumu_35;dr in¿. Bartosz Jêdrzejec;dr in¿. Bartosz Trybus;-;EA
01.02.2018;A-101;dr in¿. Anna Szlachta;7:30;imiê_36;nazwisko_36;EF-DI;nr_albumu_36;dr in¿. Bartosz Jêdrzejec;dr in¿. Bartosz Trybus;-;EA
01.02.2018;A-101;dr in¿. Anna Szlachta;9:30;imiê_37;nazwisko_37;EA-DI;nr_albumu_37;dr in¿. Bartosz Paw³owicz;dr in¿. Bartosz Trybus;-;EU, EA
01.02.2018;A-101;dr in¿. Anna Szlachta;10:00;imiê_38;nazwisko_38;ET-DI;nr_albumu_38;dr in¿. Bartosz Paw³owicz;dr in¿. Bartosz Trybus;-;EU, EA
01.02.2018;A-101;dr in¿. Anna Szlachta;10:30;imiê_39;nazwisko_39;ET-DI;nr_albumu_39;dr in¿. Bartosz Paw³owicz;dr in¿. Kazimierz Kury³o;-;EU
01.02.2018;A-101;dr in¿. Anna Szlachta;11:00;imiê_40;nazwisko_40;EA-DI;nr_albumu_40;dr hab. in¿. Les³aw Gniewek, prof. PRz;dr in¿. Grzegorz Dec;-;EA
01.02.2018;A-106;dr in¿. Witold Posiewa³a;7:00;imiê_41;nazwisko_41;EN-DI;nr_albumu_41;dr in¿. Robert Smusz;dr hab. in¿. Joanna Wilk, prof. PRz;-;MD
01.02.2018;A-106;dr in¿. Witold Posiewa³a;7:30;imiê_42;nazwisko_42;EN-DI;nr_albumu_42;dr in¿. Ma³gorzata £atka;dr in¿. Danuta Pliœ;-;EE, ED
01.02.2018;A-106;dr in¿. Witold Posiewa³a;9:30;imiê_43;nazwisko_43;EN-DI;nr_albumu_43;dr hab. in¿. Jan Mróz, prof. PRz;dr in¿. Jadwiga P³oszyñska;-;ED
01.02.2018;A-106;dr in¿. Witold Posiewa³a;10:00;imiê_44;nazwisko_44;EN-DI;nr_albumu_44;dr hab. in¿. Jan Mróz, prof. PRz;dr in¿. Jadwiga P³oszyñska;-;ED
01.02.2018;A-106;dr in¿. Witold Posiewa³a;10:30;imiê_45;nazwisko_45;EN-DI;nr_albumu_45;dr in¿. Jadwiga P³oszyñska;dr hab. in¿. Jan Mróz, prof. PRz;-;ED
01.02.2018;A-106;dr in¿. Witold Posiewa³a;11:00;imiê_46;nazwisko_46;EF-DI;nr_albumu_46;prof. dr hab. in¿. Jacek Kluska;dr in¿. Maciej Kusy;-;EA, EP
01.02.2018;A-106;dr in¿. Witold Posiewa³a;11:30;imiê_47;nazwisko_47;EF-DI;nr_albumu_47;dr in¿. Marek Œnie¿ek;dr in¿. Dariusz Rzoñca;-;EA
01.02.2018;A-106;dr in¿. Witold Posiewa³a;12:00;imiê_48;nazwisko_48;EF-DI;nr_albumu_48;dr in¿. Marek Œnie¿ek;dr in¿. Dariusz Rzoñca;-;EA
01.02.2018;A-106;dr in¿. Witold Posiewa³a;12:30;imiê_49;nazwisko_49;EF-DI;nr_albumu_49;dr in¿. Marek Œnie¿ek;dr in¿. Dariusz Rzoñca;-;EA
01.02.2018;A-106;dr in¿. Witold Posiewa³a;13:00;imiê_50;nazwisko_50;EA-DI;nr_albumu_50;dr in¿. Dariusz Rzoñca;dr in¿. Marek Œnie¿ek;-;EA
01.02.2018;A-106;dr in¿. Witold Posiewa³a;13:30;imiê_51;nazwisko_51;EA-DI;nr_albumu_51;dr in¿. Jan Sadolewski;dr in¿. Marek Œnie¿ek;-;EA
01.02.2018;A-106;dr in¿. Witold Posiewa³a;14:00;imiê_52;nazwisko_52;EF-DI;nr_albumu_52;dr in¿. Jan Sadolewski;dr in¿. Marek Œnie¿ek;-;EA
01.02.2018;A-106;dr in¿. Witold Posiewa³a;14:30;imiê_53;nazwisko_53;EF-DI;nr_albumu_53;dr in¿. Marek Œnie¿ek;dr in¿. Jan Sadolewski;-;EA
01.02.2018;A-106;dr in¿. Witold Posiewa³a;15:00;imiê_54;nazwisko_54;ET-DI;nr_albumu_54;dr in¿. Mariusz Trojnar;dr in¿. Robert Ziemba;-;ET
01.02.2018;A-106;dr in¿. Witold Posiewa³a;15:30;imiê_55;nazwisko_55;EE-DI;nr_albumu_55;dr in¿. Robert Ziemba;dr in¿. Mariusz Trojnar;-;ET
02.02.2018;A-101;dr in¿. Anna Szlachta;7:00;imiê_56;nazwisko_56;EF-DI;nr_albumu_56;dr in¿. Tomasz Rak;dr in¿. Dariusz Rzoñca;-;EA
02.02.2018;A-101;dr in¿. Anna Szlachta;7:30;imiê_57;nazwisko_57;EA-DI;nr_albumu_57;dr in¿. Wojciech Rz¹sa;dr in¿. Dariusz Rzoñca;-;EA
02.02.2018;A-101;dr in¿. Anna Szlachta;8:00;imiê_58;nazwisko_58;EA-DI;nr_albumu_58;dr in¿. Dariusz Rzoñca;dr in¿. Wojciech Rz¹sa;-;EA
02.02.2018;A-101;dr in¿. Anna Szlachta;8:30;imiê_59;nazwisko_59;EA-DI;nr_albumu_59;dr in¿. Dariusz Rzoñca;dr in¿. Andrzej Stec;-;EA
02.02.2018;A-101;dr in¿. Anna Szlachta;9:00;imiê_60;nazwisko_60;EF-DI;nr_albumu_60;dr in¿. Maciej Kusy;dr in¿. Roman Zajdel;-;EP, EA
02.02.2018;A-101;dr in¿. Anna Szlachta;9:30;imiê_61;nazwisko_61;EF-DI;nr_albumu_61;dr in¿. Maciej Kusy;dr in¿. Roman Zajdel;-;EP, EA
02.02.2018;A-101;dr in¿. Anna Szlachta;10:00;imiê_62;nazwisko_62;EF-DI;nr_albumu_62;dr in¿. Tomasz Kapuœciñski;dr in¿. Mariusz Oszust;-;EA
02.02.2018;A-101;dr in¿. Anna Szlachta;10:30;imiê_63;nazwisko_63;EF-DI;nr_albumu_63;dr in¿. Tomasz Kapuœciñski;dr in¿. Mariusz Oszust;-;EA
02.02.2018;A-101;dr in¿. Anna Szlachta;11:00;imiê_64;nazwisko_64;EF-DI;nr_albumu_64;dr in¿. Tomasz Kapuœciñski;dr in¿. Mariusz Oszust;-;EA
02.02.2018;A-101;dr in¿. Anna Szlachta;11:30;imiê_65;nazwisko_65;EF-DI;nr_albumu_65;dr in¿. Mariusz Oszust;dr in¿. Tomasz Kapuœciñski;-;EA
02.02.2018;A-101;dr in¿. Anna Szlachta;12:00;imiê_66;nazwisko_66;EF-DI;nr_albumu_66;dr in¿. Mariusz Oszust;dr in¿. Tomasz Kapuœciñski;-;EA
02.02.2018;A-101;dr in¿. Anna Szlachta;12:30;imiê_67;nazwisko_67;EF-DI;nr_albumu_67;dr in¿. Mariusz Oszust;dr in¿. Tomasz Kapuœciñski;-;EA
02.02.2018;A-101;dr in¿. Anna Szlachta;13:00;imiê_68;nazwisko_68;EA-DI;nr_albumu_68;dr hab. in¿. Marian Wysocki, prof. PRz;dr in¿. Mariusz Oszust;-;EA
02.02.2018;A-101;dr in¿. Anna Szlachta;13:30;imiê_69;nazwisko_69;EA-DI;nr_albumu_69;dr hab. in¿. Marian Wysocki, prof. PRz;dr in¿. Tomasz Kapuœciñski;-;EA
02.02.2018;A-101;dr in¿. Anna Szlachta;14:00;imiê_70;nazwisko_70;EF-DI;nr_albumu_70;dr in¿. Joanna Marnik;dr in¿. Tomasz Kapuœciñski;-;EA
02.02.2018;A-101;dr in¿. Anna Szlachta;14:30;imiê_71;nazwisko_71;EF-DI;nr_albumu_71;dr in¿. Roman Zajdel;dr in¿. Grzegorz Dec;-;EA
02.02.2018;A-101;dr in¿. Anna Szlachta;15:00;imiê_72;nazwisko_72;EF-DI;nr_albumu_72;dr in¿. Roman Zajdel;dr in¿. Grzegorz Dec;-;EA
02.02.2018;A-101;dr in¿. Anna Szlachta;15:30;imiê_73;nazwisko_73;EA-DI;nr_albumu_73;dr in¿. Zbigniew Hajduk;dr in¿. Grzegorz Dec;-;EA
02.02.2018;A-101;dr in¿. Anna Szlachta;16:00;imiê_74;nazwisko_74;EF-DI;nr_albumu_74;dr in¿. Zbigniew Hajduk;dr in¿. Dariusz Rzoñca;-;EA
02.02.2018;A-111;dr in¿. Dominik Strza³ka;7:30;imiê_75;nazwisko_75;ET-DI;nr_albumu_75;dr in¿. Marek Go³êbiowski;dr hab. in¿. Damian Mazur, prof. PRz;-;ET
02.02.2018;A-111;dr in¿. Dominik Strza³ka;8:00;imiê_76;nazwisko_76;ET-DI;nr_albumu_76;dr in¿. Marek Go³êbiowski;dr hab. in¿. Damian Mazur, prof. PRz;-;ET
02.02.2018;A-111;dr in¿. Dominik Strza³ka;8:30;imiê_77;nazwisko_77;ET-DI;nr_albumu_77;dr in¿. Marek Go³êbiowski;dr hab. in¿. Damian Mazur, prof. PRz;-;ET
02.02.2018;A-111;dr in¿. Dominik Strza³ka;9:00;imiê_78;nazwisko_78;EA-DI;nr_albumu_78;dr in¿. Grzegorz Dra³us;dr hab. in¿. Damian Mazur, prof. PRz;-;ET
02.02.2018;A-111;dr in¿. Dominik Strza³ka;9:30;imiê_79;nazwisko_79;EF-DI;nr_albumu_79;dr in¿. Mariusz Gamracki;dr in¿. Grzegorz Dra³us;-;ET
02.02.2018;A-111;dr in¿. Dominik Strza³ka;11:00;imiê_80;nazwisko_80;EE-DI;nr_albumu_80;prof. dr hab. in¿. Les³aw Go³êbiowski;dr in¿. Mariusz Gamracki;-;ET
02.02.2018;A-111;dr in¿. Dominik Strza³ka;11:30;imiê_81;nazwisko_81;EE-DI;nr_albumu_81;prof. dr hab. in¿. Les³aw Go³êbiowski;dr in¿. Mariusz Gamracki;-;ET
02.02.2018;A-111;dr in¿. Dominik Strza³ka;12:00;imiê_82;nazwisko_82;EE-DI;nr_albumu_82;prof. dr hab. in¿. Les³aw Go³êbiowski;dr in¿. Mariusz Gamracki;-;ET
02.02.2018;A-111;dr in¿. Dominik Strza³ka;12:30;imiê_83;nazwisko_83;EE-DI;nr_albumu_83;prof. dr hab. in¿. Les³aw Go³êbiowski;dr in¿. Mariusz Gamracki;-;ET
02.02.2018;A-111;dr in¿. Dominik Strza³ka;13:00;imiê_84;nazwisko_84;EN-DI;nr_albumu_84;dr in¿. Ma³gorzata £atka;dr in¿. Robert Ziemba;-;EE, ET
02.02.2018;A-111;dr in¿. Dominik Strza³ka;13:30;imiê_85;nazwisko_85;EN-DI;nr_albumu_85;dr in¿. Ma³gorzata £atka;dr in¿. Danuta Pliœ;-;EE, ED
02.02.2018;A-111;dr in¿. Dominik Strza³ka;14:00;imiê_86;nazwisko_86;EN-DI;nr_albumu_86;dr in¿. Ma³gorzata £atka;dr in¿. Danuta Pliœ;-;EE, ED
02.02.2018;A-111;dr in¿. Dominik Strza³ka;14:30;imiê_87;nazwisko_87;EN-DI;nr_albumu_87;dr in¿. Ma³gorzata £atka;dr in¿. Danuta Pliœ;-;EE, ED
02.02.2018;A-111;dr in¿. Dominik Strza³ka;15:00;imiê_88;nazwisko_88;EE-DI;nr_albumu_88;dr in¿. Ma³gorzata £atka;dr in¿. Danuta Pliœ;-;EE, ED
02.02.2018;A-106;dr in¿. Witold Posiewa³a;8:30;imiê_89;nazwisko_89;EN-DI;nr_albumu_89;dr hab. in¿. Janina Rz¹sa, prof. PRz;dr in¿. Barbara Kopeæ;-;EE
02.02.2018;A-106;dr in¿. Witold Posiewa³a;9:00;imiê_90;nazwisko_90;EN-DI;nr_albumu_90;prof. dr hab. in¿. Stanis³aw Piróg;dr in¿. Ma³gorzata £atka;-;EE
02.02.2018;A-106;dr in¿. Witold Posiewa³a;9:30;imiê_91;nazwisko_91;EN-DI;nr_albumu_91;prof. dr hab. in¿. Stanis³aw Piróg;dr in¿. Ma³gorzata £atka;-;EE
02.02.2018;A-106;dr in¿. Witold Posiewa³a;10:00;imiê_92;nazwisko_92;EN-DI;nr_albumu_92;prof. dr hab. in¿. Stanis³aw Piróg;dr in¿. Ma³gorzata £atka;-;EE
02.02.2018;A-106;dr in¿. Witold Posiewa³a;10:30;imiê_93;nazwisko_93;ET-DI;nr_albumu_93;prof. dr hab. in¿. Andrzej Kolek;dr in¿. Piotr Ptak;mgr in¿. Miros³aw Sobaszek;EP
02.02.2018;A-106;dr in¿. Witold Posiewa³a;11:00;imiê_94;nazwisko_94;EE-DI;nr_albumu_94;prof. dr hab. in¿. Andrzej Kolek;dr in¿. Mariusz M¹czka;mgr in¿. Miros³aw Sobaszek;EP
02.02.2018;A-106;dr in¿. Witold Posiewa³a;11:30;imiê_95;nazwisko_95;EN-DI;nr_albumu_95;dr in¿. Dariusz Sobczyñski;dr in¿. Wies³awa Malska;-;EE
02.02.2018;A-106;dr in¿. Witold Posiewa³a;12:00;imiê_96;nazwisko_96;EN-DI;nr_albumu_96;dr in¿. Dariusz Sobczyñski;dr in¿. Tomasz Binkowski;-;EE
02.02.2018;A-106;dr in¿. Witold Posiewa³a;12:30;imiê_97;nazwisko_97;EE-DI;nr_albumu_97;dr in¿. Dariusz Sobczyñski;dr in¿. Wies³awa Malska;-;EE
02.02.2018;A-106;dr in¿. Witold Posiewa³a;13:00;imiê_98;nazwisko_98;EN-DI;nr_albumu_98;dr in¿. Adam Mas³oñ;dr in¿. Wies³awa Malska;-;BT, EE
02.02.2018;A-106;dr in¿. Witold Posiewa³a;13:30;imiê_99;nazwisko_99;EN-DI;nr_albumu_99;dr in¿. Adam Mas³oñ;dr in¿. Wies³awa Malska;-;BT, EE
02.02.2018;A-106;dr in¿. Witold Posiewa³a;14:00;imiê_100;nazwisko_100;EN-DI;nr_albumu_100;dr in¿. Adam Mas³oñ;dr in¿. Wies³awa Malska;-;BT, EE
02.02.2018;A-106;dr in¿. Witold Posiewa³a;14:30;imiê_101;nazwisko_101;EF-DI;nr_albumu_101;dr hab. in¿. Jan Prokop, prof. PRz;dr in¿. Piotr Bogusz;-;ED
02.02.2018;A-106;dr in¿. Witold Posiewa³a;15:00;imiê_102;nazwisko_102;EF-DI;nr_albumu_102;dr hab. in¿. Jan Prokop, prof. PRz;dr in¿. Piotr Bogusz;-;ED
02.02.2018;A-106;dr in¿. Witold Posiewa³a;15:30;imiê_103;nazwisko_103;EE-DI;nr_albumu_103;dr in¿. Piotr Bogusz;dr hab. in¿. Jan Prokop, prof. PRz;-;ED
05.02.2018;A-101;dr in¿. Anna Szlachta;7:30;imiê_104;nazwisko_104;ET-DI;nr_albumu_104;dr in¿. Jakub Wojturski;dr hab. in¿. Robert Hanus, prof. PRz;-;EM
05.02.2018;A-101;dr in¿. Anna Szlachta;8:00;imiê_105;nazwisko_105;ET-DI;nr_albumu_105;dr in¿. Jakub Wojturski;dr hab. in¿. Robert Hanus, prof. PRz;-;EM
05.02.2018;A-101;dr in¿. Anna Szlachta;8:30;imiê_106;nazwisko_106;ET-DI;nr_albumu_106;dr in¿. Jakub Wojturski;dr hab. in¿. Robert Hanus, prof. PRz;-;EM
05.02.2018;A-101;dr in¿. Anna Szlachta;9:00;imiê_107;nazwisko_107;EN-DI;nr_albumu_107;dr in¿. Jakub Wojturski;dr hab. in¿. Robert Hanus, prof. PRz;-;EM
05.02.2018;A-101;dr in¿. Anna Szlachta;9:30;imiê_108;nazwisko_108;ET-DI;nr_albumu_108;dr in¿. Jakub Wojturski;dr hab. in¿. Robert Hanus, prof. PRz;-;EM
05.02.2018;A-101;dr in¿. Anna Szlachta;10:00;imiê_109;nazwisko_109;ET-DI;nr_albumu_109;dr hab. in¿. Robert Hanus, prof. PRz;dr in¿. Jakub Wojturski;-;EM
05.02.2018;A-101;dr in¿. Anna Szlachta;10:30;imiê_110;nazwisko_110;ET-DI;nr_albumu_110;dr hab. in¿. Robert Hanus, prof. PRz;dr in¿. Jakub Wojturski;-;EM
05.02.2018;A-101;dr in¿. Anna Szlachta;11:00;imiê_111;nazwisko_111;ET-DI;nr_albumu_111;mgr in¿. Kazimierz Brydak;dr hab. in¿. Robert Hanus, prof. PRz;-;EM
05.02.2018;A-101;dr in¿. Anna Szlachta;11:30;imiê_112;nazwisko_112;EA-DI;nr_albumu_112;dr in¿. Andrzej Bo¿ek;dr in¿. Tomasz ¯abiñski;-;EA
05.02.2018;A-101;dr in¿. Anna Szlachta;12:00;imiê_113;nazwisko_113;EA-DI;nr_albumu_113;dr in¿. Tomasz ¯abiñski;dr in¿. S³awomir Samolej;-;EA
05.02.2018;A-101;dr in¿. Anna Szlachta;12:30;imiê_114;nazwisko_114;EA-DI;nr_albumu_114;dr in¿. Tomasz ¯abiñski;dr in¿. Tomasz M¹czka;-;EA
05.02.2018;A-101;dr in¿. Anna Szlachta;13:00;imiê_115;nazwisko_115;EF-DI;nr_albumu_115;dr in¿. Tomasz M¹czka;dr in¿. Tomasz ¯abiñski;-;EA
05.02.2018;A-101;dr in¿. Anna Szlachta;13:30;imiê_116;nazwisko_116;EN-DI;nr_albumu_116;dr hab. in¿. Lúbomir Beòa, prof. PRz;dr in¿. Wies³awa Malska;-;EE
05.02.2018;A-101;dr in¿. Anna Szlachta;14:00;imiê_117;nazwisko_117;EN-DI;nr_albumu_117;dr hab. in¿. Lúbomir Beòa, prof. PRz;dr in¿. Wies³awa Malska;-;EE
05.02.2018;A-101;dr in¿. Anna Szlachta;14:30;imiê_118;nazwisko_118;EN-DI;nr_albumu_118;dr hab. in¿. Lúbomir Beòa, prof. PRz;dr in¿. Henryk Wachta;-;EE
05.02.2018;A-101;dr in¿. Anna Szlachta;15:00;imiê_119;nazwisko_119;EN-DI;nr_albumu_119;dr hab. in¿. Lúbomir Beòa, prof. PRz;dr in¿. Henryk Wachta;-;EE
05.02.2018;A-111;dr in¿. Dominik Strza³ka;8:30;imiê_120;nazwisko_120;EF-DI;nr_albumu_120;dr in¿. Jan Sadolewski;dr in¿. Tomasz Krzeszowski;-;EA
05.02.2018;A-111;dr in¿. Dominik Strza³ka;9:00;imiê_121;nazwisko_121;EE-DI;nr_albumu_121;dr in¿. Tomasz Binkowski;dr in¿. Wies³awa Malska;-;EE
05.02.2018;A-111;dr in¿. Dominik Strza³ka;9:30;imiê_122;nazwisko_122;EE-DI;nr_albumu_122;dr in¿. Wies³awa Malska;dr in¿. Tomasz Binkowski;-;EE
05.02.2018;A-111;dr in¿. Dominik Strza³ka;10:00;imiê_123;nazwisko_123;EE-DI;nr_albumu_123;dr in¿. Wies³awa Malska;dr in¿. Dariusz Sobczyñski;-;EE
05.02.2018;A-111;dr in¿. Dominik Strza³ka;10:30;imiê_124;nazwisko_124;EN-DI;nr_albumu_124;dr in¿. Henryk Wachta;dr in¿. Wies³awa Malska;-;EE
05.02.2018;A-111;dr in¿. Dominik Strza³ka;11:00;imiê_125;nazwisko_125;EE-DI;nr_albumu_125;dr in¿. Henryk Wachta;dr in¿. Wies³awa Malska;-;EE
05.02.2018;A-111;dr in¿. Dominik Strza³ka;11:30;imiê_126;nazwisko_126;EE-DI;nr_albumu_126;dr in¿. Henryk Wachta;dr in¿. Wies³awa Malska;-;EE
05.02.2018;A-111;dr in¿. Dominik Strza³ka;12:00;imiê_127;nazwisko_127;EE-DI;nr_albumu_127;dr in¿. Henryk Wachta;dr in¿. Jolanta Plewako;-;EE
05.02.2018;A-111;dr in¿. Dominik Strza³ka;12:30;imiê_128;nazwisko_128;EE-DI;nr_albumu_128;dr in¿. Jolanta Plewako;dr in¿. Barbara Kopeæ;-;EE
05.02.2018;A-111;dr in¿. Dominik Strza³ka;13:00;imiê_129;nazwisko_129;EE-DI;nr_albumu_129;dr in¿. Jolanta Plewako;dr in¿. Barbara Kopeæ;-;EE
05.02.2018;A-111;dr in¿. Dominik Strza³ka;13:30;imiê_130;nazwisko_130;EE-DI;nr_albumu_130;dr in¿. Jolanta Plewako;dr in¿. Barbara Kopeæ;-;EE
05.02.2018;A-111;dr in¿. Dominik Strza³ka;14:00;imiê_131;nazwisko_131;EE-DI;nr_albumu_131;dr hab. in¿. Stanis³aw Wyderka, prof. PRz;dr in¿. Jolanta Plewako;-;EE
05.02.2018;A-111;dr in¿. Dominik Strza³ka;14:30;imiê_132;nazwisko_132;EE-DI;nr_albumu_132;dr hab. in¿. Stanis³aw Wyderka, prof. PRz;dr in¿. Jolanta Plewako;-;EE
05.02.2018;A-106;dr in¿. Witold Posiewa³a;7:00;imiê_133;nazwisko_133;EE-DI;nr_albumu_133;prof. dr hab. in¿. Kazimierz Buczek;dr in¿. Dariusz Sobczyñski;-;EE
05.02.2018;A-106;dr in¿. Witold Posiewa³a;7:30;imiê_134;nazwisko_134;EN-DI;nr_albumu_134;prof. dr hab. in¿. Kazimierz Buczek;dr in¿. Wies³awa Malska;-;EE
05.02.2018;A-106;dr in¿. Witold Posiewa³a;8:00;imiê_135;nazwisko_135;EE-DI;nr_albumu_135;prof. dr hab. in¿. Kazimierz Buczek;dr in¿. Tomasz Binkowski;-;EE
05.02.2018;A-106;dr in¿. Witold Posiewa³a;8:30;imiê_136;nazwisko_136;EN-DI;nr_albumu_136;dr in¿. Jadwiga P³oszyñska;dr hab. in¿. Jan Mróz, prof. PRz;-;ED
05.02.2018;A-106;dr in¿. Witold Posiewa³a;9:00;imiê_137;nazwisko_137;EN-DI;nr_albumu_137;dr in¿. Jadwiga P³oszyñska;dr hab. in¿. Jan Mróz, prof. PRz;-;ED
05.02.2018;A-106;dr in¿. Witold Posiewa³a;9:30;imiê_138;nazwisko_138;EN-DI;nr_albumu_138;dr in¿. Jadwiga P³oszyñska;dr hab. in¿. Jan Mróz, prof. PRz;-;ED
05.02.2018;A-106;dr in¿. Witold Posiewa³a;10:00;imiê_139;nazwisko_139;EN-DI;nr_albumu_139;dr in¿. Jadwiga P³oszyñska;dr in¿. Danuta Pliœ;-;ED
05.02.2018;A-106;dr in¿. Witold Posiewa³a;10:30;imiê_140;nazwisko_140;EN-DI;nr_albumu_140;dr hab. in¿. Les³aw Karpiñski, prof. PRz;dr in¿. Robert Ziemba;-;ET
05.02.2018;A-106;dr in¿. Witold Posiewa³a;11:00;imiê_141;nazwisko_141;EN-DI;nr_albumu_141;dr hab. in¿. Les³aw Karpiñski, prof. PRz;dr in¿. Robert Ziemba;-;ET
05.02.2018;A-106;dr in¿. Witold Posiewa³a;11:30;imiê_142;nazwisko_142;EA-DI;nr_albumu_142;dr in¿. Krzysztof Wiktorowicz;dr in¿. Tomasz Krzeszowski;-;EA
05.02.2018;A-106;dr in¿. Witold Posiewa³a;12:00;imiê_143;nazwisko_143;EA-DI;nr_albumu_143;dr in¿. Krzysztof Wiktorowicz;dr in¿. Tomasz Krzeszowski;-;EA
05.02.2018;A-106;dr in¿. Witold Posiewa³a;12:30;imiê_144;nazwisko_144;EF-DI;nr_albumu_144;dr in¿. Marcin Bednarek;dr in¿. Kazimierz Lal;-;EA
05.02.2018;A-106;dr in¿. Witold Posiewa³a;13:00;imiê_145;nazwisko_145;EA-DI;nr_albumu_145;dr in¿. Marcin Bednarek;dr in¿. Kazimierz Lal;-;EA
05.02.2018;A-106;dr in¿. Witold Posiewa³a;13:30;imiê_146;nazwisko_146;EA-DI;nr_albumu_146;dr in¿. Marcin Bednarek;dr in¿. Kazimierz Lal;-;EA
05.02.2018;A-106;dr in¿. Witold Posiewa³a;14:00;imiê_147;nazwisko_147;EA-DI;nr_albumu_147;dr in¿. Kazimierz Lal;dr in¿. Marcin Bednarek;-;EA
05.02.2018;A-106;dr in¿. Witold Posiewa³a;14:30;imiê_148;nazwisko_148;EA-DI;nr_albumu_148;dr in¿. Kazimierz Lal;dr in¿. Marcin Bednarek;-;EA
05.02.2018;A-106;dr in¿. Witold Posiewa³a;15:00;imiê_149;nazwisko_149;EA-DI;nr_albumu_149;dr in¿. Marcin Bednarek;dr in¿. Kazimierz Lal;-;EA
06.02.2018;A-106;dr in¿. Anna Szlachta;8:00;imiê_150;nazwisko_150;ET-DI;nr_albumu_150;dr in¿. Dariusz Klepacki;dr in¿. Grzegorz B³¹d;-;EU
06.02.2018;A-106;dr in¿. Anna Szlachta;8:30;imiê_151;nazwisko_151;ET-DI;nr_albumu_151;dr in¿. Dariusz Klepacki;dr in¿. Grzegorz B³¹d;-;EU
06.02.2018;A-106;dr in¿. Anna Szlachta;9:00;imiê_152;nazwisko_152;EF-DI;nr_albumu_152;dr in¿. Dariusz Klepacki;dr in¿. Grzegorz B³¹d;-;EU
06.02.2018;A-106;dr in¿. Anna Szlachta;9:30;imiê_153;nazwisko_153;ET-DI;nr_albumu_153;dr in¿. Dariusz Klepacki;dr in¿. Grzegorz B³¹d;-;EU
06.02.2018;A-106;dr in¿. Anna Szlachta;10:00;imiê_154;nazwisko_154;ET-DI;nr_albumu_154;dr in¿. Kazimierz Kamuda;dr in¿. Dariusz Klepacki;-;EU
06.02.2018;A-106;dr in¿. Anna Szlachta;10:30;imiê_155;nazwisko_155;ET-DI;nr_albumu_155;dr hab. in¿. Marek Gotfryd, prof. PRz;dr in¿. Kazimierz Kamuda;-;EU
06.02.2018;A-106;dr in¿. Anna Szlachta;11:00;imiê_156;nazwisko_156;ET-DI;nr_albumu_156;dr in¿. Kazimierz Kamuda;dr hab. in¿. Marek Gotfryd, prof. PRz;-;EU
06.02.2018;A-106;dr in¿. Anna Szlachta;11:30;imiê_157;nazwisko_157;ET-DI;nr_albumu_157;dr in¿. Kazimierz Kamuda;dr in¿. Mariusz Wêglarski;-;EU
06.02.2018;A-106;dr in¿. Anna Szlachta;12:00;imiê_158;nazwisko_158;EE-DI;nr_albumu_158;dr in¿. Mariusz Wêglarski;dr in¿. Piotr Jankowski-Mihu³owicz;-;EU
06.02.2018;A-106;dr in¿. Anna Szlachta;12:30;imiê_159;nazwisko_159;ET-DI;nr_albumu_159;dr in¿. Wies³aw Sabat;dr in¿. Bogus³aw Wisz;-;EU
06.02.2018;A-106;dr in¿. Anna Szlachta;13:00;imiê_160;nazwisko_160;EF-DI;nr_albumu_160;dr in¿. Mariusz M¹czka;dr in¿. Grzegorz Ha³daœ;-;EP
06.02.2018;A-106;dr in¿. Anna Szlachta;13:30;imiê_161;nazwisko_161;EF-DI;nr_albumu_161;dr in¿. Grzegorz Ha³daœ;dr in¿. Mariusz M¹czka;-;EP
06.02.2018;A-106;dr in¿. Anna Szlachta;14:00;imiê_162;nazwisko_162;EE-DI;nr_albumu_162;dr hab. Stanis³aw Paw³owski, prof. PRz;dr in¿. Jolanta Plewako;-;ED, EE
06.02.2018;A-101;dr in¿. Witold Posiewa³a;7:00;imiê_163;nazwisko_163;EA-DI;nr_albumu_163;dr in¿. Anna Szlachta;dr in¿. Tomasz M¹czka;-;EM, EA
06.02.2018;A-101;dr in¿. Witold Posiewa³a;7:30;imiê_164;nazwisko_164;ET-DI;nr_albumu_164;dr in¿. Anna Szlachta;prof. dr hab. in¿. Mykhaylo Dorozhovets;-;EM
06.02.2018;A-101;dr in¿. Witold Posiewa³a;8:00;imiê_165;nazwisko_165;ET-DI;nr_albumu_165;prof. dr hab. in¿. Mykhaylo Dorozhovets;dr in¿. Anna Szlachta;-;EM
06.02.2018;A-101;dr in¿. Witold Posiewa³a;8:30;imiê_166;nazwisko_166;ET-DI;nr_albumu_166;dr in¿. Marek Go³êbiowski;dr hab. in¿. Damian Mazur, prof. PRz;-;ET
06.02.2018;A-101;dr in¿. Witold Posiewa³a;9:00;imiê_167;nazwisko_167;EN-DI;nr_albumu_167;prof. dr hab. in¿. Romuald W³odek;dr in¿. Ma³gorzata £atka;-;EE
06.02.2018;A-101;dr in¿. Witold Posiewa³a;9:30;imiê_168;nazwisko_168;EN-DI;nr_albumu_168;prof. dr hab. in¿. Romuald W³odek;dr in¿. Ma³gorzata £atka;-;EE
06.02.2018;A-101;dr in¿. Witold Posiewa³a;10:00;imiê_169;nazwisko_169;EN-DI;nr_albumu_169;prof. dr hab. in¿. Romuald W³odek;dr in¿. Ma³gorzata £atka;-;EE
06.02.2018;A-101;dr in¿. Witold Posiewa³a;10:30;imiê_170;nazwisko_170;EE/EL-ZU;nr_albumu_170;prof. dr hab. in¿. Romuald W³odek;dr in¿. Ma³gorzata £atka;-;EE
06.02.2018;A-101;dr in¿. Witold Posiewa³a;11:00;imiê_171;nazwisko_171;ET-DI;nr_albumu_171;dr in¿. Mariusz M¹czka;dr in¿. Andrzej Szpytma;-;EP
06.02.2018;A-101;dr in¿. Witold Posiewa³a;11:30;imiê_172;nazwisko_172;ET-DI;nr_albumu_172;dr in¿. Mariusz M¹czka;dr in¿. Andrzej Szpytma;-;EP
06.02.2018;A-101;dr in¿. Witold Posiewa³a;12:00;imiê_173;nazwisko_173;ET-DI;nr_albumu_173;dr in¿. Mariusz M¹czka;dr in¿. Andrzej Szpytma;-;EP
06.02.2018;A-101;dr in¿. Witold Posiewa³a;12:30;imiê_174;nazwisko_174;ET-DI;nr_albumu_174;dr in¿. Krzysztof Mleczko;dr in¿. Mariusz M¹czka;mgr in¿. Miros³aw Sobaszek;EP
06.02.2018;A-101;dr in¿. Witold Posiewa³a;13:00;imiê_175;nazwisko_175;ET-DI;nr_albumu_175;dr in¿. Krzysztof Mleczko;dr in¿. Andrzej Szpytma;-;EP
06.02.2018;A-101;dr in¿. Witold Posiewa³a;13:30;imiê_176;nazwisko_176;EE-DI;nr_albumu_176;dr in¿. Andrzej Szpytma;dr in¿. Krzysztof Mleczko;-;EP
06.02.2018;A-101;dr in¿. Witold Posiewa³a;14:00;imiê_177;nazwisko_177;EE-DI;nr_albumu_177;dr in¿. Piotr Ptak;dr in¿. Krzysztof Mleczko;-;EP
06.02.2018;A-101;dr in¿. Witold Posiewa³a;14:30;imiê_178;nazwisko_178;ET-DI;nr_albumu_178;dr in¿. Krzysztof Mleczko;dr in¿. Piotr Ptak;-;EP
06.02.2018;A-101;dr in¿. Witold Posiewa³a;15:00;imiê_179;nazwisko_179;ET-DI;nr_albumu_179;dr in¿. Krzysztof Mleczko;dr in¿. Piotr Ptak;-;EP
06.02.2018;A-101;dr in¿. Witold Posiewa³a;15:30;imiê_180;nazwisko_180;ET-DI;nr_albumu_180;dr in¿. Krzysztof Mleczko;dr in¿. Piotr Ptak;-;EP
07.02.2018;A-101;dr in¿. Anna Szlachta;7:30;imiê_181;nazwisko_181;EF-DI;nr_albumu_181;dr in¿. Tomasz M¹czka;dr in¿. Bartosz Jêdrzejec;-;EA
07.02.2018;A-101;dr in¿. Anna Szlachta;8:00;imiê_182;nazwisko_182;EF-DI;nr_albumu_182;dr in¿. Maciej Kusy;dr in¿. Mariusz M¹czka;-;EP
07.02.2018;A-101;dr in¿. Anna Szlachta;8:30;imiê_183;nazwisko_183;EF-DI;nr_albumu_183;dr in¿. Grzegorz Ha³daœ;dr in¿. Maciej Kusy;-;EP
07.02.2018;A-101;dr in¿. Anna Szlachta;9:00;imiê_184;nazwisko_184;EF-DI;nr_albumu_184;dr in¿. Grzegorz Ha³daœ;dr in¿. Maciej Kusy;-;EP
07.02.2018;A-101;dr in¿. Anna Szlachta;9:30;imiê_185;nazwisko_185;ET-DI;nr_albumu_185;dr in¿. Maciej Kusy;dr in¿. Grzegorz Ha³daœ;-;EP
07.02.2018;A-101;dr in¿. Anna Szlachta;10:00;imiê_186;nazwisko_186;EF-DI;nr_albumu_186;dr in¿. Miros³aw Mazurek;dr in¿. Pawe³ Dymora;-;ES
07.02.2018;A-101;dr in¿. Anna Szlachta;10:30;imiê_187;nazwisko_187;EF-DI;nr_albumu_187;dr in¿. Miros³aw Mazurek;dr in¿. Pawe³ Dymora;-;ES
07.02.2018;A-101;dr in¿. Anna Szlachta;11:00;imiê_188;nazwisko_188;EF-DI;nr_albumu_188;dr in¿. Miros³aw Mazurek;dr in¿. Pawe³ Dymora;-;ES
07.02.2018;A-101;dr in¿. Anna Szlachta;11:30;imiê_189;nazwisko_189;EF-DI;nr_albumu_189;dr in¿. Mariusz Nycz;dr in¿. Miros³aw Mazurek;-;ES
07.02.2018;A-101;dr in¿. Anna Szlachta;12:00;imiê_190;nazwisko_190;EF-DI;nr_albumu_190;dr in¿. Mariusz Nycz;dr in¿. Miros³aw Mazurek;-;ES
07.02.2018;A-106;dr in¿. Witold Posiewa³a;8:00;imiê_191;nazwisko_191;ET-DI;nr_albumu_191;dr in¿. Krzysztof Mleczko;dr in¿. Andrzej Szpytma;-;EP
07.02.2018;A-106;dr in¿. Witold Posiewa³a;8:30;imiê_192;nazwisko_192;ET-DI;nr_albumu_192;dr in¿. Mariusz M¹czka;dr in¿. Andrzej Szpytma;-;EP
07.02.2018;A-106;dr in¿. Witold Posiewa³a;9:00;imiê_193;nazwisko_193;EA-DI;nr_albumu_193;dr hab. in¿. Marian Wysocki, prof. PRz;dr in¿. Tomasz Kapuœciñski;-;EA
07.02.2018;A-106;dr in¿. Witold Posiewa³a;9:30;imiê_194;nazwisko_194;EA-DI;nr_albumu_194;dr in¿. Andrzej Stec;dr in¿. Dariusz Rzoñca;-;EA
07.02.2018;A-106;dr in¿. Witold Posiewa³a;10:00;imiê_195;nazwisko_195;EA-DI;nr_albumu_195;dr in¿. Andrzej Stec;dr in¿. Dariusz Rzoñca;-;EA
07.02.2018;A-106;dr in¿. Witold Posiewa³a;10:30;imiê_196;nazwisko_196;EA-DI;nr_albumu_196;dr in¿. Andrzej Stec;dr in¿. Dariusz Rzoñca;-;EA
08.02.2018;A-101;dr in¿. Anna Szlachta;9:00;imiê_197;nazwisko_197;EF-DI;nr_albumu_197;dr in¿. Marek Bolanowski;dr in¿. Andrzej Paszkiewicz;-;ES
08.02.2018;A-101;dr in¿. Anna Szlachta;9:30;imiê_198;nazwisko_198;EF-DI;nr_albumu_198;dr in¿. Marek Bolanowski;dr in¿. Andrzej Paszkiewicz;-;ES
08.02.2018;A-101;dr in¿. Anna Szlachta;10:00;imiê_199;nazwisko_199;EF-DI;nr_albumu_199;dr in¿. Marek Bolanowski;dr in¿. Andrzej Paszkiewicz;-;ES
08.02.2018;A-101;dr in¿. Anna Szlachta;10:30;imiê_200;nazwisko_200;EF-DI;nr_albumu_200;dr in¿. Marek Bolanowski;dr in¿. Andrzej Paszkiewicz;-;ES
08.02.2018;A-101;dr in¿. Anna Szlachta;11:00;imiê_201;nazwisko_201;EF-DI;nr_albumu_201;dr in¿. Andrzej Paszkiewicz;dr in¿. Marek Bolanowski;-;ES
08.02.2018;A-106;dr in¿. Witold Posiewa³a;8:00;imiê_202;nazwisko_202;ET-DI;nr_albumu_202;dr hab. in¿. Marek Gotfryd, prof. PRz;dr in¿. Wies³aw Sabat;-;EU
08.02.2018;A-106;dr in¿. Witold Posiewa³a;8:30;imiê_203;nazwisko_203;ET-DI;nr_albumu_203;dr hab. in¿. Marek Gotfryd, prof. PRz;dr in¿. Wies³aw Sabat;-;EU
08.02.2018;A-106;dr in¿. Witold Posiewa³a;9:00;imiê_204;nazwisko_204;EE-DI;nr_albumu_204;prof. dr hab. in¿. Les³aw Go³êbiowski;dr in¿. Mariusz Trojnar;-;ET
08.02.2018;A-106;dr in¿. Witold Posiewa³a;9:30;imiê_205;nazwisko_205;ET-DI;nr_albumu_205;dr in¿. Wies³aw Sabat;dr in¿. Bogus³aw Wisz;-;EU
08.02.2018;A-106;dr in¿. Witold Posiewa³a;10:00;imiê_206;nazwisko_206;ET-DI;nr_albumu_206;dr in¿. Wies³aw Sabat;dr in¿. Bogus³aw Wisz;-;EU
14.02.2018;A-106;dr in¿. Anna Szlachta;8:00;imiê_207;nazwisko_207;EF-DI;nr_albumu_207;dr in¿. Maciej Kusy;dr in¿. Roman Zajdel;-;EP, EA
14.02.2018;A-106;dr in¿. Anna Szlachta;8:30;imiê_208;nazwisko_208;EF-DI;nr_albumu_208;dr in¿. Maciej Kusy;dr in¿. Grzegorz Ha³daœ;-;EP
14.02.2018;A-106;dr in¿. Anna Szlachta;9:00;imiê_209;nazwisko_209;EE/EL-ZU;nr_albumu_209;dr in¿. Henryk Wachta;dr hab. in¿. Mariusz Korkosz, prof. PRz;-;EE, ED
16.02.2018;A-101;dr in¿. Witold Posiewa³a;8:00;imiê_210;nazwisko_210;EF-DI;nr_albumu_210;dr in¿. Grzegorz Dra³us;dr in¿. Antoni Szczepañski;-;ET
16.02.2018;A-101;dr in¿. Witold Posiewa³a;8:30;imiê_211;nazwisko_211;EF-DI;nr_albumu_211;dr hab. in¿. Jan Prokop, prof. PRz;dr in¿. Piotr Bogusz;-;ED
16.02.2018;A-101;dr in¿. Witold Posiewa³a;9:00;imiê_212;nazwisko_212;EN-DI;nr_albumu_212;prof. dr hab. in¿. Romuald W³odek;dr in¿. Ma³gorzata £atka;-;EE
16.02.2018;A-101;dr in¿. Witold Posiewa³a;9:30;imiê_213;nazwisko_213;ET-DI;nr_albumu_213;dr in¿. Bartosz Paw³owicz;dr in¿. Kazimierz Kury³o;-;EU
20.02.2018;A-106;dr in¿. Witold Posiewa³a;12:00;imiê_214;nazwisko_214;EA-DI;nr_albumu_214;dr hab. in¿. Marian Wysocki, prof. PRz;dr in¿. Andrzej Bo¿ek;-;EA
21.02.2018;A-101;dr in¿. Anna Szlachta;8:00;imiê_215;nazwisko_215;EF-DI;nr_albumu_215;dr in¿. Grzegorz Dec;dr in¿. Bartosz Trybus;-;EA
21.02.2018;A-101;dr in¿. Anna Szlachta;8:30;imiê_216;nazwisko_216;EF-DI;nr_albumu_216;dr in¿. Roman Zajdel;dr in¿. Grzegorz Dec;-;EA
21.02.2018;A-101;dr in¿. Anna Szlachta;9:00;imiê_217;nazwisko_217;EF-DI;nr_albumu_217;dr in¿. Roman Zajdel;dr in¿. Tomasz Kapuœciñski;-;EA
21.02.2018;A-101;dr in¿. Anna Szlachta;9:30;imiê_218;nazwisko_218;EF-DI;nr_albumu_218;dr in¿. Dominik Strza³ka;dr in¿. Pawe³ Dymora;-;ES
21.02.2018;A-101;dr in¿. Anna Szlachta;10:00;imiê_219;nazwisko_219;EF-DI;nr_albumu_219;dr in¿. Dominik Strza³ka;dr in¿. Pawe³ Dymora;-;ES
21.02.2018;A-101;dr in¿. Anna Szlachta;13:30;imiê_220;nazwisko_220;ET-DI;nr_albumu_220;dr hab. in¿. Jerzy Potencki, prof. PRz;dr in¿. Grzegorz B³¹d;-;EU
21.02.2018;A-101;dr in¿. Anna Szlachta;14:00;imiê_221;nazwisko_221;EF-DI;nr_albumu_221;dr hab. in¿. Jan Prokop, prof. PRz;dr in¿. Piotr Bogusz;-;ED
21.02.2018;A-101;dr in¿. Anna Szlachta;14:30;imiê_222;nazwisko_222;EF-DI;nr_albumu_222;dr hab. in¿. Jan Prokop, prof. PRz;dr in¿. Piotr Bogusz;-;ED
21.02.2018;A-106;dr in¿. Witold Posiewa³a;07:00;imiê_223;nazwisko_223;ET-DI;nr_albumu_223;dr in¿. Jakub Wojturski;dr hab. in¿. Robert Hanus, prof. PRz;-;EM
21.02.2018;A-106;dr in¿. Witold Posiewa³a;07:30;imiê_224;nazwisko_224;ET-DI;nr_albumu_224;dr in¿. Jakub Wojturski;dr hab. in¿. Robert Hanus, prof. PRz;-;EM
21.02.2018;A-106;dr in¿. Witold Posiewa³a;08:00;imiê_225;nazwisko_225;EA-DI;nr_albumu_225;dr in¿. Jakub Wojturski;dr hab. in¿. Robert Hanus, prof. PRz;-;EM
21.02.2018;A-106;dr in¿. Witold Posiewa³a;08:30;imiê_226;nazwisko_226;EA-DI;nr_albumu_226;dr hab. in¿. Robert Hanus, prof. PRz;dr in¿. Jakub Wojturski;-;EM
21.02.2018;A-106;dr in¿. Witold Posiewa³a;09:00;imiê_227;nazwisko_227;EN-DI;nr_albumu_227;mgr in¿. Kazimierz Brydak;dr hab. in¿. Robert Hanus, prof. PRz;-;EM
21.02.2018;A-106;dr in¿. Witold Posiewa³a;09:30;imiê_228;nazwisko_228;EA-DI;nr_albumu_228;dr hab. in¿. Zbigniew Œwider, prof. PRz;dr in¿. Marek Œnie¿ek;-;EA
21.02.2018;A-106;dr in¿. Witold Posiewa³a;10:00;imiê_229;nazwisko_229;EE-DI;nr_albumu_229;dr hab. in¿. Piotr Jankowski-Mihu³owicz;dr in¿. Mariusz Wêglarski;-;EU
21.02.2018;A-106;dr in¿. Witold Posiewa³a;13:30;imiê_230;nazwisko_230;ET-DI;nr_albumu_230;dr in¿. Wies³aw Sabat;dr hab. in¿. Marek Gotfryd, prof. PRz;-;EU
22.02.2018;A-101;dr in¿. Anna Szlachta;07:30;imiê_231;nazwisko_231;EF-DI;nr_albumu_231;dr in¿. Grzegorz Ha³daœ;dr in¿. Mariusz M¹czka;-;EP
22.02.2018;A-101;dr in¿. Anna Szlachta;08:00;imiê_232;nazwisko_232;EF-DI;nr_albumu_232;dr in¿. Mariusz M¹czka;dr in¿. Grzegorz Ha³daœ;-;EP
22.02.2018;A-101;dr in¿. Anna Szlachta;08:30;imiê_233;nazwisko_233;EF-DI;nr_albumu_233;dr in¿. Grzegorz Ha³daœ;dr in¿. Mariusz M¹czka;-;EP
22.02.2018;A-101;dr in¿. Anna Szlachta;09:00;imiê_234;nazwisko_234;EF-DI;nr_albumu_234;dr in¿. Pawe³ Górka;dr in¿. Grzegorz Ha³daœ;-;EP
22.02.2018;A-101;dr in¿. Anna Szlachta;09:30;imiê_235;nazwisko_235;EF-DI;nr_albumu_235;dr in¿. Grzegorz Ha³daœ;dr in¿. Mariusz M¹czka;-;EP
22.02.2018;A-101;dr in¿. Anna Szlachta;10:00;imiê_236;nazwisko_236;ET-DI;nr_albumu_236;dr in¿. Mariusz M¹czka;dr in¿. Andrzej Szpytma;-;EP
22.02.2018;A-101;dr in¿. Anna Szlachta;10:30;imiê_237;nazwisko_237;ET-DI;nr_albumu_237;dr in¿. Piotr Ptak;dr in¿. El¿bieta Machowska-Podsiad³o;-;EP
22.02.2018;A-101;dr in¿. Anna Szlachta;11:00;imiê_238;nazwisko_238;EF-DI;nr_albumu_238;dr in¿. Andrzej Paszkiewicz;dr in¿. Marek Bolanowski;-;ES
22.02.2018;A-101;dr in¿. Anna Szlachta;11:30;imiê_239;nazwisko_239;EF-DI;nr_albumu_239;dr in¿. Tomasz Kapuœciñski;dr in¿. Mariusz Oszust;-;EA
22.02.2018;A-101;dr in¿. Anna Szlachta;12:00;imiê_240;nazwisko_240;EF-DI;nr_albumu_240;dr in¿. Joanna Marnik;dr in¿. Tomasz Kapuœciñski;-;EA
22.02.2018;A-101;dr in¿. Anna Szlachta;12:30;imiê_241;nazwisko_241;EF-DI;nr_albumu_241;dr in¿. Bartosz Jêdrzejec;dr in¿. Krzysztof Œwider;-;EA
22.02.2018;A-101;dr in¿. Anna Szlachta;13:00;imiê_242;nazwisko_242;EF-DI;nr_albumu_242;dr in¿. Bartosz Jêdrzejec;dr in¿. Krzysztof Œwider;-;EA
22.02.2018;A-101;dr in¿. Anna Szlachta;13:30;imiê_243;nazwisko_243;EA-DI;nr_albumu_243;dr in¿. Tomasz Krzeszowski;dr in¿. Bogus³aw Rymut;-;EA
22.02.2018;A-106;dr in¿. Witold Posiewa³a;07:00;imiê_244;nazwisko_244;EE/EL-ZU;nr_albumu_244;dr in¿. Henryk Wachta;dr hab. in¿. Damian Mazur, prof. PRz;-;EE, ET
22.02.2018;A-106;dr in¿. Witold Posiewa³a;07:30;imiê_245;nazwisko_245;EF/S-ZU;nr_albumu_245;dr hab. in¿. Damian Mazur, prof. PRz;dr in¿. Robert Ziemba;-;ET
22.02.2018;A-106;dr in¿. Witold Posiewa³a;08:00;imiê_246;nazwisko_246;EF/S-ZU;nr_albumu_246;dr hab. in¿. Damian Mazur, prof. PRz;dr in¿. Robert Ziemba;-;ET
22.02.2018;A-106;dr in¿. Witold Posiewa³a;08:30;imiê_247;nazwisko_247;ET-DI;nr_albumu_247;dr in¿. Marek Go³êbiowski;dr hab. in¿. Damian Mazur, prof. PRz;-;ET
22.02.2018;A-106;dr in¿. Witold Posiewa³a;09:00;imiê_248;nazwisko_248;EE/EL-ZU;nr_albumu_248;dr in¿. Marek Go³êbiowski;dr hab. in¿. Damian Mazur, prof. PRz;-;ET
22.02.2018;A-106;dr in¿. Witold Posiewa³a;09:30;imiê_249;nazwisko_249;EA-DI;nr_albumu_249;dr in¿. Marek Go³êbiowski;dr hab. in¿. Damian Mazur, prof. PRz;-;ET
22.02.2018;A-106;dr in¿. Witold Posiewa³a;10:00;imiê_250;nazwisko_250;EN-DI;nr_albumu_250;dr hab. in¿. Janina Rz¹sa, prof. PRz;dr in¿. Barbara Kopeæ;-;EE
22.02.2018;A-106;dr in¿. Witold Posiewa³a;10:30;imiê_251;nazwisko_251;EN-DI;nr_albumu_251;dr in¿. Piotr Bogusz;dr in¿. Danuta Pliœ;-;ED
22.02.2018;A-106;dr in¿. Witold Posiewa³a;11:00;imiê_252;nazwisko_252;EE-DI;nr_albumu_252;mgr in¿. Kazimierz Brydak;dr hab. in¿. Robert Hanus, prof. PRz;-;EM
23.02.2018;A-101;dr in¿. Anna Szlachta;11:00;imiê_253;nazwisko_253;EE-ZI;nr_albumu_253;dr in¿. Kazimiera Rzepka;dr in¿. Witold Posiewa³a;-;ET
23.02.2018;A-101;dr in¿. Anna Szlachta;11:30;imiê_254;nazwisko_254;EF-DI;nr_albumu_254;dr in¿. Grzegorz Ha³daœ;dr in¿. Mariusz M¹czka;-;EP
23.02.2018;A-101;dr in¿. Anna Szlachta;12:00;imiê_255;nazwisko_255;EF-ZI;nr_albumu_255;dr in¿. Grzegorz Ha³daœ;dr in¿. Mariusz M¹czka;-;EP
23.02.2018;A-101;dr in¿. Anna Szlachta;12:30;imiê_256;nazwisko_256;EF-DI;nr_albumu_256;dr in¿. Antoni Szczepañski;dr in¿. Grzegorz Dra³us;-;ET
23.02.2018;A-101;dr in¿. Anna Szlachta;13:00;imiê_257;nazwisko_257;EF-DI;nr_albumu_257;dr in¿. Antoni Szczepañski;dr in¿. Grzegorz Dra³us;-;ET
23.02.2018;A-101;dr in¿. Anna Szlachta;13:30;imiê_258;nazwisko_258;EF-DI;nr_albumu_258;dr in¿. Antoni Szczepañski;dr in¿. Grzegorz Dra³us;-;ET
23.02.2018;A-106;dr in¿. Witold Posiewa³a;11:30;imiê_259;nazwisko_259;EF-DI;nr_albumu_259;dr in¿. Tomasz Rak;dr in¿. Dariusz Rzoñca;-;EA
23.02.2018;A-106;dr in¿. Witold Posiewa³a;12:00;imiê_260;nazwisko_260;EA-DI;nr_albumu_260;dr in¿. Dariusz Rzoñca;dr in¿. Andrzej Stec;-;EA
23.02.2018;A-106;dr in¿. Witold Posiewa³a;12:30;imiê_261;nazwisko_261;EA-DI;nr_albumu_261;dr hab. in¿. Zbigniew Œwider, prof. PRz;dr in¿. Andrzej Stec;-;EA
23.02.2018;A-106;dr in¿. Witold Posiewa³a;13:30;imiê_262;nazwisko_262;EN-DI;nr_albumu_262;dr in¿. Robert Smusz;dr in¿. Mariusz Szewczyk;-;MD
23.02.2018;A-106;dr in¿. Witold Posiewa³a;14:00;imiê_263;nazwisko_263;EF/S-ZU;nr_albumu_263;dr in¿. Bartosz Jêdrzejec;dr hab. in¿. Barbara Dêbska, prof. PRz;-;EA, CB
23.02.2018;A-106;dr in¿. Witold Posiewa³a;14:30;imiê_264;nazwisko_264;EF/AA-ZU;nr_albumu_264;dr in¿. Bartosz Jêdrzejec;dr hab. in¿. Barbara Dêbska, prof. PRz;-;EA, CB
23.02.2018;A-106;dr in¿. Witold Posiewa³a;15:00;imiê_265;nazwisko_265;EE-DI;nr_albumu_265;dr in¿. Robert Ziemba;dr in¿. Mariusz Trojnar;-;ET
23.02.2018;A-106;dr in¿. Witold Posiewa³a;15:30;imiê_266;nazwisko_266;EF/S-ZU;nr_albumu_266;dr in¿. Mariusz Trojnar;dr hab. in¿. Damian Mazur, prof. PRz;-;ET
28.02.2018;A-106;dr in¿. Anna Szlachta;07:30;imiê_267;nazwisko_267;EE-DI;nr_albumu_267;dr in¿. Henryk Wachta;dr in¿. Wies³awa Malska;-;EE
28.02.2018;A-106;dr in¿. Anna Szlachta;08:00;imiê_268;nazwisko_268;ET-DI;nr_albumu_268;dr in¿. Maciej Kusy;dr in¿. Grzegorz Ha³daœ;-;EP
01.03.2018;A-106;dr in¿. Witold Posiewa³a;07:00;imiê_269;nazwisko_269;EN-DI;nr_albumu_269;dr in¿. Adam Mas³oñ;dr in¿. Wies³awa Malska;-;BT, EE
01.03.2018;A-106;dr in¿. Witold Posiewa³a;07:30;imiê_270;nazwisko_270;EN-DI;nr_albumu_270;dr in¿. Jakub Wojturski;dr hab. in¿. Robert Hanus, prof. PRz;-;EM
01.03.2018;A-106;dr in¿. Witold Posiewa³a;08:00;imiê_271;nazwisko_271;EE-DI;nr_albumu_271;dr hab. in¿. Adam Kowalczyk, prof. PRz;dr in¿. Jakub Wojturski;mgr in¿. Kazimierz Brydak;EM
02.03.2018;A-101;dr in¿. Witold Posiewa³a;07:30;imiê_272;nazwisko_272;EE/EL-ZU;nr_albumu_272;dr hab. in¿. Lúbomir Beòa, prof. PRz;dr in¿. Henryk Wachta;-;EE
02.03.2018;A-101;dr in¿. Witold Posiewa³a;08:00;imiê_273;nazwisko_273;EN-DI;nr_albumu_273;dr hab. in¿. Lúbomir Beòa, prof. PRz;dr in¿. Henryk Wachta;-;EE
02.03.2018;A-101;dr in¿. Witold Posiewa³a;08:30;imiê_274;nazwisko_274;EN-DI;nr_albumu_274;dr in¿. Adam Mazurkiewicz;dr in¿. Piotr Bogusz;-;ED
02.03.2018;A-101;dr in¿. Witold Posiewa³a;09:00;imiê_275;nazwisko_275;EE-DI;nr_albumu_275;dr in¿. Piotr Bogusz;dr in¿. Danuta Pliœ;-;ED
02.03.2018;A-101;dr in¿. Witold Posiewa³a;09:30;imiê_276;nazwisko_276;EE-DI;nr_albumu_276;dr in¿. Jolanta Plewako;dr in¿. Danuta Pliœ;-;ED
02.03.2018;A-101;dr in¿. Witold Posiewa³a;10:00;imiê_277;nazwisko_277;EA-DI;nr_albumu_277;dr in¿. S³awomir Samolej;dr in¿. Zbigniew Hajduk;-;EA
02.03.2018;A-101;dr in¿. Witold Posiewa³a;10:30;imiê_278;nazwisko_278;EA-DI;nr_albumu_278;dr in¿. Tomasz ¯abiñski;dr in¿. Zbigniew Hajduk;-;EA
02.03.2018;A-101;dr in¿. Witold Posiewa³a;11:00;imiê_279;nazwisko_279;EA-DI;nr_albumu_279;dr in¿. Tomasz ¯abiñski;dr in¿. Tomasz M¹czka;-;EA
07.03.2018;A-101;dr in¿. Witold Posiewa³a;08:00;imiê_280;nazwisko_280;EN-DI;nr_albumu_280;dr in¿. Tomasz Binkowski;dr in¿. Wies³awa Malska;-;EE
07.03.2018;A-101;dr in¿. Witold Posiewa³a;09:30;imiê_281;nazwisko_281;EN-DI;nr_albumu_281;dr hab. in¿. Les³aw Karpiñski, prof. PRz;dr in¿. Robert Ziemba;-;ET
07.03.2018;A-101;dr in¿. Witold Posiewa³a;10:00;imiê_282;nazwisko_282;EN-DI;nr_albumu_282;dr hab. in¿. Les³aw Karpiñski, prof. PRz;dr in¿. Robert Ziemba;-;ET
09.03.2018;A-101;dr in¿. Witold Posiewa³a;07:30;imiê_283;nazwisko_283;ET-DI;nr_albumu_283;dr in¿. Wies³aw Sabat;dr hab. in¿. Marek Gotfryd, prof. PRz;-;EU
09.03.2018;A-101;dr in¿. Witold Posiewa³a;08:00;imiê_284;nazwisko_284;EE/EL-ZU;nr_albumu_284;prof. dr hab. in¿. Stanis³aw Piróg;dr in¿. Ma³gorzata £atka;-;EE
09.03.2018;A-101;dr in¿. Witold Posiewa³a;08:30;imiê_285;nazwisko_285;ET-ZI;nr_albumu_285;dr in¿. Dariusz ¯ak;dr in¿. El¿bieta Machowska-Podsiad³o;dr in¿. Krzysztof Mleczko;EP
09.03.2018;A-101;dr in¿. Witold Posiewa³a;09:00;imiê_286;nazwisko_286;_ET-ZI;nr_albumu_286;dr in¿. Dariusz ¯ak;dr in¿. El¿bieta Machowska-Podsiad³o;dr in¿. Krzysztof Mleczko;EP
09.03.2018;A-101;dr in¿. Witold Posiewa³a;09:30;imiê_287;nazwisko_287;EF-ZI;nr_albumu_287;dr in¿. Mariusz M¹czka;dr in¿. Grzegorz Ha³daœ;-;EP
14.03.2018;A-106;dr in¿. Anna Szlachta;08:00;imiê_288;nazwisko_288;EF/S-ZU;nr_albumu_288;dr hab. in¿. Les³aw Gniewek, prof. PRz;dr in¿. Grzegorz Dec;-;EA
14.03.2018;A-106;dr in¿. Witold Posiewa³a;07:30;imiê_289;nazwisko_289;EA-DI;nr_albumu_289;prof. dr hab. in¿. Mykhaylo Dorozhovets;dr in¿. Anna Szlachta;-;EM
14.03.2018;A-106;dr in¿. Witold Posiewa³a;12:30;imiê_290;nazwisko_290;EF/S-ZU;nr_albumu_290;dr in¿. Dominik Strza³ka;dr hab. in¿. Damian Mazur, prof. PRz;-;ES, ET
21.03.2018;A-106;dr in¿. Anna Szlachta;7:30;imiê_291;nazwisko_291;EF-DI;nr_albumu_291;dr in¿. Dominik Strza³ka;dr in¿. Miros³aw Mazurek;-;ES
21.03.2018;A-106;dr in¿. Anna Szlachta;8:00;imiê_292;nazwisko_292;EF/S-ZU;nr_albumu_292;dr in¿. Miros³aw Mazurek;dr hab. in¿. Franciszek Grabowski, prof. PRz;-;ES
21.03.2018;A-106;dr in¿. Anna Szlachta;10:00;imiê_293;nazwisko_293;EF-DI;nr_albumu_293;dr in¿. Antoni Szczepañski;dr in¿. Grzegorz Dra³us;-;ET
23.03.2018;A-106;dr in¿. Witold Posiewa³a;8:00;imiê_294;nazwisko_294;EE-DI;nr_albumu_294;dr in¿. Wies³awa Malska;dr in¿. Dariusz Sobczyñski;-;EE
23.03.2018;A-106;dr in¿. Witold Posiewa³a;8:30;imiê_295;nazwisko_295;EE/EL-ZU;nr_albumu_295;dr hab. in¿. Stanis³aw Wyderka, prof. PRz;dr in¿. Wies³awa Malska;-;EE
28.03.2018;A-106;dr in¿. Anna Szlachta;7:30;imiê_296;nazwisko_296;EF/AA-DU;nr_albumu_296;dr in¿. Antoni Szczepañski;dr hab. in¿. Damian Mazur, prof. PRz;-;ET
28.03.2018;A-106;dr in¿. Anna Szlachta;8:00;imiê_297;nazwisko_297;EF-DI;nr_albumu_297;dr in¿. Antoni Szczepañski;dr in¿. Grzegorz Dra³us;-;ET
28.03.2018;A-106;dr in¿. Anna Szlachta;8:30;imiê_298;nazwisko_298;EF-DI;nr_albumu_298;dr in¿. Grzegorz Dra³us;dr in¿. Antoni Szczepañski;-;ET
09.04.2018;A-101;dr in¿. Anna Szlachta;8:00;imiê_299;nazwisko_299;EA-DI;nr_albumu_299;dr in¿. Kazimierz Lal;dr in¿. Marcin Bednarek;-;EA
19.04.2018;A-101;dr in¿. Anna Szlachta;7:30;imiê_300;nazwisko_300;EF/AA-DU;nr_albumu_300;dr in¿. S³awomir Samolej;dr hab. in¿. Marian Wysocki, prof. PRz;-;EA
19.04.2018;A-101;dr in¿. Anna Szlachta;8:00;imiê_301;nazwisko_301;ET-ZI;nr_albumu_301;dr in¿. Dariusz ¯ak;dr in¿. El¿bieta Machowska-Podsiad³o;dr in¿. Krzysztof Mleczko;EP
19.04.2018;A-101;dr in¿. Anna Szlachta;8:30;imiê_302;nazwisko_302;ET-DI;nr_albumu_302;dr in¿. Piotr Ptak;dr in¿. Krzysztof Mleczko;-;EP
09.05.2018;A-101;dr in¿. Anna Szlachta;9:00;imiê_303;nazwisko_303;EA-DI;nr_albumu_303;dr in¿. Andrzej Stec;dr in¿. Dariusz Rzoñca;-;EA
14.05.2018;A-101;dr in¿. Anna Szlachta;8:30;imiê_304;nazwisko_304;EE/EL-ZU;nr_albumu_304;dr hab. in¿. Damian Mazur, prof. PRz;dr in¿. Robert Ziemba;-;ET
14.05.2018;A-101;dr in¿. Anna Szlachta;9:00;imiê_305;nazwisko_305;EE/EL-ZU;nr_albumu_305;dr in¿. Ma³gorzata £atka;dr hab. in¿. Stanis³aw Wyderka, prof. PRz;-;EE
16.05.2018;A-101;dr in¿. Anna Szlachta;9:00;imiê_306;nazwisko_306;EN-DI;nr_albumu_306;dr in¿. Kazimierz Lal;dr in¿. Marcin Bednarek;-;EA
23.05.2018;A-101;dr in¿. Anna Szlachta;7:30;imiê_307;nazwisko_307;EF-DI;nr_albumu_307;dr in¿. S³awomir Samolej;dr in¿. Grzegorz Dec;-;EA
30.05.2018;A-101;dr in¿. Anna Szlachta;8:00;imiê_308;nazwisko_308;EF-DI;nr_albumu_308;dr in¿. Marek Œnie¿ek;dr in¿. Dariusz Rzoñca;-;EA
11.06.2018;A-101;dr in¿. Anna Szlachta;11:00;imiê_309;nazwisko_309;EN/O-DU;nr_albumu_309;dr hab. in¿. Lúbomir Beòa, prof. PRz;dr in¿. Henryk Wachta;dr in¿. Wies³awa Malska;EE
14.06.2018;A-101;dr in¿. Anna Szlachta;8:00;imiê_310;nazwisko_310;EE-DI;nr_albumu_310;dr in¿. Jolanta Plewako;dr in¿. Henryk Wachta;-;EE
14.06.2018;A-101;dr in¿. Anna Szlachta;8:30;imiê_311;nazwisko_311;EE-DI;nr_albumu_311;prof. dr hab. in¿. Les³aw Go³êbiowski;dr in¿. Mariusz Gamracki;-;ET
14.06.2018;A-101;dr in¿. Anna Szlachta;9:00;imiê_312;nazwisko_312;EE/EL-ZU;nr_albumu_312;dr in¿. Andrzej Szpytma;prof. dr hab. in¿. Les³aw Go³êbiowski;-;ET
14.06.2018;A-101;dr in¿. Anna Szlachta;9:30;imiê_313;nazwisko_313;EE-DI;nr_albumu_313;dr in¿. Tomasz Binkowski;dr in¿. Wies³awa Malska;-;EE
21.06.2018;A-101;dr in¿. Anna Szlachta;8:00;imiê_314;nazwisko_314;EE/EL-ZU;nr_albumu_314;dr in¿. Jadwiga P³oszyñska;dr hab. in¿. Jan Mróz, prof. PRz;-;ED
21.06.2018;A-101;dr in¿. Anna Szlachta;8:30;imiê_315;nazwisko_315;EE/EL-ZU;nr_albumu_315;prof. dr hab. in¿. Les³aw Go³êbiowski;dr hab. in¿. Damian Mazur, prof. PRz;-;ET
27.06.2018;A-101;dr in¿. Anna Szlachta;8:00;imiê_316;nazwisko_316;EN/O-DU;nr_albumu_316;dr in¿. Tomasz Binkowski;prof. dr hab. in¿. Kazimierz Buczek;-;EE
27.06.2018;A-101;dr in¿. Anna Szlachta;8:30;imiê_317;nazwisko_317;EE/EL-ZU;nr_albumu_317;dr hab. in¿. Mariusz Korkosz, prof. PRz;dr in¿. Danuta Pliœ;-;ED
27.06.2018;A-101;dr in¿. Anna Szlachta;9:00;imiê_318;nazwisko_318;EE/EL-DU;nr_albumu_318;dr hab. in¿. Mariusz Korkosz, prof. PRz;dr in¿. Danuta Pliœ;-;ED
27.06.2018;A-101;dr in¿. Anna Szlachta;9:30;imiê_319;nazwisko_319;EE/EL-DU;nr_albumu_319;dr hab. in¿. Mariusz Korkosz, prof. PRz;dr in¿. Danuta Pliœ;-;ED
27.06.2018;A-101;dr in¿. Anna Szlachta;10:00;imiê_320;nazwisko_320;EE/EL-DU;nr_albumu_320;dr hab. in¿. Mariusz Korkosz, prof. PRz;dr in¿. Danuta Pliœ;-;ED
27.06.2018;A-101;dr in¿. Anna Szlachta;10:30;imiê_321;nazwisko_321;EE/EL-DU;nr_albumu_321;dr hab. in¿. Mariusz Korkosz, prof. PRz;dr in¿. Danuta Pliœ;-;ED
28.06.2018;A-101;dr in¿. Anna Szlachta;8:00;imiê_322;nazwisko_322;EE/EL-DU;nr_albumu_322;dr in¿. Tomasz Binkowski;prof. dr hab. in¿. Kazimierz Buczek;-;EE
28.06.2018;A-101;dr in¿. Anna Szlachta;8:30;imiê_323;nazwisko_323;EE/EL-DU;nr_albumu_323;dr hab. in¿. Jan Mróz, prof. PRz;dr in¿. Jadwiga P³oszyñska;-;ED
28.06.2018;A-101;dr in¿. Anna Szlachta;9:00;imiê_324;nazwisko_324;EN/O-DU;nr_albumu_324;dr Mariusz Ruszel;dr hab. in¿. Stanis³aw Gêdek, prof. PRz;-;ZE
29.06.2018;A-101;dr in¿. Anna Szlachta;9:00;imiê_325;nazwisko_325;EF/AA-DU;nr_albumu_325;prof. dr hab. in¿. Jacek Kluska;dr in¿. Zbigniew Hajduk;-;EA
02.07.2018;A-101;dr in¿. Anna Szlachta;8:00;imiê_326;nazwisko_326;EE-ZI;nr_albumu_326;dr hab. Stanis³aw Paw³owski, prof. PRz;dr in¿. Jolanta Plewako;-;ED, EE
02.07.2018;A-101;dr in¿. Anna Szlachta;8:30;imiê_327;nazwisko_327;EE-ZI;nr_albumu_327;dr hab. Stanis³aw Paw³owski, prof. PRz;dr in¿. Henryk Wachta;-;ED, EE
02.07.2018;A-101;dr in¿. Anna Szlachta;9:00;imiê_328;nazwisko_328;ET/E-DU;nr_albumu_328;dr hab. in¿. Piotr Jankowski-Mihu³owicz;dr in¿. Mariusz Wêglarski;-;EU
03.07.2018;A-101;dr in¿. Anna Szlachta;8:00;imiê_329;nazwisko_329;EE-ZI;nr_albumu_329;dr hab. in¿. Mariusz Korkosz, prof. PRz;dr in¿. Danuta Pliœ;-;ED
03.07.2018;A-101;dr in¿. Anna Szlachta;8:30;imiê_330;nazwisko_330;EE/EL-DU;nr_albumu_330;dr in¿. Danuta Pliœ;dr hab. in¿. Mariusz Korkosz, prof. PRz;-;ED
03.07.2018;A-101;dr in¿. Anna Szlachta;9:00;imiê_331;nazwisko_331;EN/O-DU;nr_albumu_331;dr hab. in¿. Mariusz Korkosz, prof. PRz;dr in¿. Danuta Pliœ;-;ED
03.07.2018;A-101;dr in¿. Anna Szlachta;9:30;imiê_332;nazwisko_332;ET/E-DU;nr_albumu_332;dr in¿. Barbara Wilk;dr hab. in¿. Adam Kowalczyk, prof. PRz;-;EM
03.07.2018;A-101;dr in¿. Anna Szlachta;10:00;imiê_333;nazwisko_333;EE/EL-DU;nr_albumu_333;prof. dr hab. in¿. Stanis³aw Piróg;dr in¿. Ma³gorzata £atka;-;EE
03.07.2018;A-101;dr in¿. Anna Szlachta;12:00;imiê_334;nazwisko_334;EN/O-DU;nr_albumu_334;dr in¿. Ma³gorzata £atka;dr hab. in¿. Stanis³aw Wyderka, prof. PRz;-;EE
04.07.2018;A-101;dr in¿. Anna Szlachta;11:00;imiê_335;nazwisko_335;EE-ZI;nr_albumu_335;dr hab. in¿. Stanis³aw Wyderka, prof. PRz;dr in¿. Jolanta Plewako;-;EE
04.07.2018;A-101;dr in¿. Anna Szlachta;11:30;imiê_336;nazwisko_336;EE-ZI;nr_albumu_336;dr hab. in¿. Stanis³aw Wyderka, prof. PRz;dr in¿. Jolanta Plewako;-;EE
04.07.2018;A-101;dr in¿. Anna Szlachta;14:00;imiê_337;nazwisko_337;EN/O-DU;nr_albumu_337;dr hab. in¿. Stanis³aw Wyderka, prof. PRz;dr in¿. Wies³awa Malska;-;EE
04.07.2018;A-101;dr in¿. Anna Szlachta;14:30;imiê_338;nazwisko_338;EF-ZI;nr_albumu_338;dr in¿. Mariusz Borkowski;dr hab. in¿. Adam Brañski, prof. PRz;-;EK
05.07.2018;A-101;dr in¿. Witold Posiewa³a;7:00;imiê_339;nazwisko_339;EN/O-DU;nr_albumu_339;dr in¿. Mariusz Trojnar;dr hab. in¿. Damian Mazur, prof. PRz;-;ET
05.07.2018;A-101;dr in¿. Witold Posiewa³a;7:30;imiê_340;nazwisko_340;EE/EL-DU;nr_albumu_340;dr in¿. Mariusz Trojnar;dr hab. in¿. Damian Mazur, prof. PRz;-;ET
05.07.2018;A-101;dr in¿. Witold Posiewa³a;8:00;imiê_341;nazwisko_341;EE/EL-DU;nr_albumu_341;dr in¿. Mariusz Trojnar;dr hab. in¿. Damian Mazur, prof. PRz;-;ET
05.07.2018;A-101;dr in¿. Witold Posiewa³a;8:30;imiê_342;nazwisko_342;EE-ZI;nr_albumu_342;dr in¿. Robert Ziemba;dr in¿. Mariusz Trojnar;-;ET
05.07.2018;A-101;dr in¿. Witold Posiewa³a;9:00;imiê_343;nazwisko_343;EE/EL-DU;nr_albumu_343;dr in¿. Robert Ziemba;dr hab. in¿. Damian Mazur, prof. PRz;-;ET
05.07.2018;A-101;dr in¿. Witold Posiewa³a;9:30;imiê_344;nazwisko_344;EN/O-DU;nr_albumu_344;dr in¿. Robert Ziemba;dr hab. in¿. Damian Mazur, prof. PRz;-;ET
05.07.2018;A-101;dr in¿. Witold Posiewa³a;10:00;imiê_345;nazwisko_345;EF/AA-DU;nr_albumu_345;dr in¿. Mariusz Gamracki;dr hab. in¿. Damian Mazur, prof. PRz;-;ET
05.07.2018;A-101;dr in¿. Witold Posiewa³a;10:30;imiê_346;nazwisko_346;EF/AA-DU;nr_albumu_346;dr in¿. Mariusz Gamracki;dr hab. in¿. Damian Mazur, prof. PRz;-;ET
05.07.2018;A-101;dr in¿. Witold Posiewa³a;11:00;imiê_347;nazwisko_347;EF-ZI;nr_albumu_347;dr in¿. Mariusz Gamracki;dr in¿. Robert Ziemba;-;ET
05.07.2018;A-101;dr in¿. Witold Posiewa³a;12:00;imiê_348;nazwisko_348;EE-ZI;nr_albumu_348;dr in¿. Robert Ziemba;dr in¿. Mariusz Gamracki;-;ET
05.07.2018;A-101;dr in¿. Witold Posiewa³a;12:30;imiê_349;nazwisko_349;EE-ZI;nr_albumu_349;dr in¿. Robert Ziemba;dr in¿. Mariusz Gamracki;-;ET
05.07.2018;A-101;dr in¿. Witold Posiewa³a;13:00;imiê_350;nazwisko_350;EF/C-DU;nr_albumu_350;prof. dr hab. in¿. Leszek Trybus;dr in¿. Dariusz Rzoñca;-;EA
05.07.2018;A-101;dr in¿. Witold Posiewa³a;13:30;imiê_351;nazwisko_351;EF/C-DU;nr_albumu_351;prof. dr hab. in¿. Leszek Trybus;dr in¿. Bartosz Trybus;-;EA
05.07.2018;A-101;dr in¿. Witold Posiewa³a;14:00;imiê_352;nazwisko_352;EF/C-DU;nr_albumu_352;prof. dr hab. in¿. Leszek Trybus;dr in¿. Jan Sadolewski;-;EA
05.07.2018;A-101;dr in¿. Witold Posiewa³a;14:30;imiê_353;nazwisko_353;EF/AA-DU;nr_albumu_353;dr in¿. Jan Sadolewski;prof. dr hab. in¿. Leszek Trybus;-;EA
09.07.2018;A-101;dr in¿. Anna Szlachta;8:30;imiê_354;nazwisko_354;ET/E-DU;nr_albumu_354;dr in¿. Andrzej Szpytma;dr hab. in¿. Franciszek Grabowski, prof. PRz;-;EP, ES
09.07.2018;A-101;dr in¿. Anna Szlachta;9:00;imiê_355;nazwisko_355;ET/E-DU;nr_albumu_355;dr in¿. Andrzej Szpytma;dr hab. in¿. Franciszek Grabowski, prof. PRz;-;EP, ES
09.07.2018;A-101;dr in¿. Anna Szlachta;9:30;imiê_356;nazwisko_356;EF/AA-DU;nr_albumu_356;dr hab. in¿. Marian Wysocki, prof. PRz;dr in¿. Tomasz Kapuœciñski;-;EA
09.07.2018;A-101;dr in¿. Anna Szlachta;10:00;imiê_357;nazwisko_357;EF/AA-DU;nr_albumu_357;dr in¿. Tomasz Kapuœciñski;dr hab. in¿. Marian Wysocki, prof. PRz;-;EA
09.07.2018;A-101;dr in¿. Anna Szlachta;10:30;imiê_358;nazwisko_358;EF/AA-DU;nr_albumu_358;dr in¿. Joanna Marnik;dr hab. in¿. Marian Wysocki, prof. PRz;-;EA
09.07.2018;A-101;dr in¿. Anna Szlachta;11:00;imiê_359;nazwisko_359;EF/AA-DU;nr_albumu_359;dr in¿. Mariusz Oszust;dr hab. in¿. Marian Wysocki, prof. PRz;-;EA
09.07.2018;A-101;dr in¿. Anna Szlachta;11:30;imiê_360;nazwisko_360;EF/AA-DU;nr_albumu_360;dr in¿. Mariusz Oszust;dr hab. in¿. Marian Wysocki, prof. PRz;-;EA
09.07.2018;A-101;dr in¿. Anna Szlachta;12:00;imiê_361;nazwisko_361;EF/AA-DU;nr_albumu_361;dr in¿. Mariusz Oszust;dr hab. in¿. Marian Wysocki, prof. PRz;-;EA
09.07.2018;A-101;dr in¿. Anna Szlachta;12:30;imiê_362;nazwisko_362;EF/AA-DU;nr_albumu_362;dr in¿. Barbara Wilk;dr hab. in¿. Robert Hanus, prof. PRz;dr hab. in¿. Franciszek Grabowski, prof. PRz;EM, ES
09.07.2018;A-101;dr in¿. Anna Szlachta;13:00;imiê_363;nazwisko_363;EF/S-DU;nr_albumu_363;dr in¿. Miros³aw Mazurek;dr hab. in¿. Franciszek Grabowski, prof. PRz;-;ES
09.07.2018;A-101;dr in¿. Anna Szlachta;13:30;imiê_364;nazwisko_364;EF/S-DU;nr_albumu_364;dr in¿. Miros³aw Mazurek;dr hab. in¿. Franciszek Grabowski, prof. PRz;-;ES
09.07.2018;A-101;dr in¿. Anna Szlachta;14:00;imiê_365;nazwisko_365;EF/S-DU;nr_albumu_365;dr in¿. Miros³aw Mazurek;dr hab. in¿. Franciszek Grabowski, prof. PRz;-;ES
09.07.2018;A-101;dr in¿. Anna Szlachta;14:30;imiê_366;nazwisko_366;EF/S-DU;nr_albumu_366;dr in¿. Andrzej Paszkiewicz;dr hab. in¿. Franciszek Grabowski, prof. PRz;-;ES
09.07.2018;A-101;dr in¿. Anna Szlachta;15:00;imiê_367;nazwisko_367;EF/S-DU;nr_albumu_367;dr in¿. Andrzej Paszkiewicz;dr hab. in¿. Franciszek Grabowski, prof. PRz;-;ES
09.07.2018;A-101;dr in¿. Anna Szlachta;15:30;imiê_368;nazwisko_368;EF/S-DU;nr_albumu_368;dr in¿. Marek Bolanowski;dr hab. in¿. Franciszek Grabowski, prof. PRz;-;ES
09.07.2018;A-101;dr in¿. Anna Szlachta;16:00;imiê_369;nazwisko_369;EF/S-DU;nr_albumu_369;dr in¿. Marek Bolanowski;dr hab. in¿. Franciszek Grabowski, prof. PRz;-;ES
09.07.2018;A-101;dr in¿. Anna Szlachta;16:30;imiê_370;nazwisko_370;EF/S-DU;nr_albumu_370;dr in¿. Marek Bolanowski;dr hab. in¿. Franciszek Grabowski, prof. PRz;-;ES
09.07.2018;A-101;dr in¿. Anna Szlachta;17:00;imiê_371;nazwisko_371;EF/S-ZU;nr_albumu_371;dr in¿. Marek Bolanowski;dr hab. in¿. Franciszek Grabowski, prof. PRz;-;ES
09.07.2018;A-113;dr in¿. Witold Posiewa³a;8:00;imiê_372;nazwisko_372;EE/EL-DU;nr_albumu_372;dr in¿. Dariusz Sobczyñski;prof. dr hab. in¿. Kazimierz Buczek;-;EE
09.07.2018;A-113;dr in¿. Witold Posiewa³a;8:30;imiê_373;nazwisko_373;EE/EL-DU;nr_albumu_373;dr in¿. Dariusz Sobczyñski;prof. dr hab. in¿. Kazimierz Buczek;-;EE
09.07.2018;A-113;dr in¿. Witold Posiewa³a;9:00;imiê_374;nazwisko_374;EF/AA-DU;nr_albumu_374;dr in¿. Antoni Szczepañski;prof. dr hab. in¿. Les³aw Go³êbiowski;-;ET
09.07.2018;A-113;dr in¿. Witold Posiewa³a;9:30;imiê_375;nazwisko_375;EF/S-DU;nr_albumu_375;dr in¿. Antoni Szczepañski;prof. dr hab. in¿. Les³aw Go³êbiowski;-;ET
09.07.2018;A-113;dr in¿. Witold Posiewa³a;10:00;imiê_376;nazwisko_376;EF/AA-DU;nr_albumu_376;dr in¿. Antoni Szczepañski;prof. dr hab. in¿. Les³aw Go³êbiowski;-;ET
09.07.2018;A-113;dr in¿. Witold Posiewa³a;10:30;imiê_377;nazwisko_377;EE/EL-DU;nr_albumu_377;prof. dr hab. in¿. Les³aw Go³êbiowski;dr in¿. Antoni Szczepañski;-;ET
09.07.2018;A-113;dr in¿. Witold Posiewa³a;11:00;imiê_378;nazwisko_378;EE/EL-DU;nr_albumu_378;prof. dr hab. in¿. Les³aw Go³êbiowski;dr in¿. Antoni Szczepañski;-;ET
09.07.2018;A-113;dr in¿. Witold Posiewa³a;11:30;imiê_379;nazwisko_379;EF/AA-DU;nr_albumu_379;dr hab. in¿. Jan Prokop, prof. PRz;dr in¿. Piotr Bogusz;-;ED
09.07.2018;A-113;dr in¿. Witold Posiewa³a;12:00;imiê_380;nazwisko_380;EF/AA-DU;nr_albumu_380;dr hab. in¿. Jan Prokop, prof. PRz;dr in¿. Piotr Bogusz;-;ED
09.07.2018;A-113;dr in¿. Witold Posiewa³a;12:30;imiê_381;nazwisko_381;EF-DI;nr_albumu_381;dr in¿. Mariusz Nycz;dr in¿. Miros³aw Mazurek;-;ES
09.07.2018;A-113;dr in¿. Witold Posiewa³a;13:00;imiê_382;nazwisko_382;EF-DI;nr_albumu_382;dr in¿. Tomasz Rak;dr in¿. Kazimierz Lal;-;EA
10.07.2018;A-101;dr in¿. Anna Szlachta;7:30;imiê_383;nazwisko_383;EF/AA-ZU;nr_albumu_383;dr in¿. Witold Posiewa³a;prof. dr hab. in¿. Les³aw Go³êbiowski;-;ET
10.07.2018;A-101;dr in¿. Anna Szlachta;8:00;imiê_384;nazwisko_384;ET/E-DU;nr_albumu_384;dr in¿. Kazimierz Kamuda;dr hab. in¿. Piotr Jankowski-Mihu³owicz;-;EU
10.07.2018;A-101;dr in¿. Anna Szlachta;8:30;imiê_385;nazwisko_385;ET/E-DU;nr_albumu_385;dr in¿. Kazimierz Kamuda;dr hab. in¿. Jerzy Potencki, prof. PRz;-;EU
10.07.2018;A-101;dr in¿. Anna Szlachta;9:00;imiê_386;nazwisko_386;EF-ZI;nr_albumu_386;dr in¿. Mariusz Trojnar;dr in¿. Robert Ziemba;-;ET
10.07.2018;A-101;dr in¿. Anna Szlachta;9:30;imiê_387;nazwisko_387;EF-ZI;nr_albumu_387;dr in¿. Joanna Marnik;dr in¿. Tomasz Kapuœciñski;-;EA
10.07.2018;A-101;dr in¿. Anna Szlachta;13:30;imiê_388;nazwisko_388;EE-ZI;nr_albumu_388;dr in¿. Kazimierz Kury³o;dr in¿. Dariusz Klepacki;-;EU
10.07.2018;A-101;dr in¿. Anna Szlachta;14:00;imiê_389;nazwisko_389;EE-ZI;nr_albumu_389;dr in¿. Kazimierz Kury³o;dr in¿. Dariusz Klepacki;-;EU
10.07.2018;A-101;dr in¿. Anna Szlachta;14:30;imiê_390;nazwisko_390;EF-ZI;nr_albumu_390;dr in¿. Pawe³ Górka;dr in¿. Mariusz M¹czka;-;EP
10.07.2018;A-101;dr in¿. Anna Szlachta;15:00;imiê_391;nazwisko_391;EF-ZI;nr_albumu_391;dr in¿. Pawe³ Górka;dr in¿. Mariusz M¹czka;-;EP
10.07.2018;A-101;dr in¿. Anna Szlachta;15:30;imiê_392;nazwisko_392;EF-ZI;nr_albumu_392;dr in¿. Pawe³ Górka;dr in¿. Mariusz M¹czka;-;EP
10.07.2018;A-101;dr in¿. Anna Szlachta;16:00;imiê_393;nazwisko_393;EF-ZI;nr_albumu_393;dr in¿. Pawe³ Górka;dr in¿. Grzegorz Ha³daœ;-;EP
10.07.2018;A-101;dr in¿. Anna Szlachta;16:30;imiê_394;nazwisko_394;EF-ZI;nr_albumu_394;dr in¿. Pawe³ Górka;dr in¿. Grzegorz Ha³daœ;-;EP
10.07.2018;A-101;dr in¿. Anna Szlachta;17:00;imiê_395;nazwisko_395;EF-ZI;nr_albumu_395;dr in¿. Pawe³ Górka;dr in¿. Grzegorz Ha³daœ;-;EP
10.07.2018;A-113;dr in¿. Witold Posiewa³a;8:00;imiê_396;nazwisko_396;EF-DI;nr_albumu_396;dr in¿. Krzysztof Wiktorowicz;dr in¿. Tomasz Krzeszowski;-;EA
10.07.2018;A-113;dr in¿. Witold Posiewa³a;8:30;imiê_397;nazwisko_397;EF/AA-DU;nr_albumu_397;dr in¿. Krzysztof Wiktorowicz;dr hab. in¿. Zbigniew Œwider, prof. PRz;-;EA
10.07.2018;A-113;dr in¿. Witold Posiewa³a;9:00;imiê_398;nazwisko_398;EF/AA-DU;nr_albumu_398;dr in¿. Dariusz Rzoñca;dr hab. in¿. Zbigniew Œwider, prof. PRz;-;EA
10.07.2018;A-113;dr in¿. Witold Posiewa³a;9:30;imiê_399;nazwisko_399;EF/AA-DU;nr_albumu_399;dr in¿. Bartosz Trybus;dr hab. in¿. Zbigniew Œwider, prof. PRz;-;EA
10.07.2018;A-113;dr in¿. Witold Posiewa³a;10:00;imiê_400;nazwisko_400;EF/AA-DU;nr_albumu_400;dr in¿. Bartosz Trybus;dr hab. in¿. Zbigniew Œwider, prof. PRz;-;EA
10.07.2018;A-113;dr in¿. Witold Posiewa³a;10:30;imiê_401;nazwisko_401;EF/AA-DU;nr_albumu_401;dr in¿. Grzegorz Ha³daœ;dr hab. in¿. Zbigniew Œwider, prof. PRz;-;EP, EA
10.07.2018;A-113;dr in¿. Witold Posiewa³a;11:00;imiê_402;nazwisko_402;EF/AA-DU;nr_albumu_402;dr in¿. Marek Œnie¿ek;dr hab. in¿. Zbigniew Œwider, prof. PRz;-;EA
11.07.2018;A-101;dr in¿. Anna Szlachta;07:00;imiê_403;nazwisko_403;ET/E-DU;nr_albumu_403;dr in¿. Jakub Wojturski;dr hab. in¿. Robert Hanus, prof. PRz;-;EM
11.07.2018;A-101;dr in¿. Anna Szlachta;07:30;imiê_404;nazwisko_404;ET/E-DU;nr_albumu_404;dr hab. in¿. Robert Hanus, prof. PRz;dr in¿. Jakub Wojturski;-;EM
11.07.2018;A-101;dr in¿. Anna Szlachta;08:00;imiê_405;nazwisko_405;ET/E-DU;nr_albumu_405;dr hab. in¿. Robert Hanus, prof. PRz;dr in¿. Jakub Wojturski;-;EM
11.07.2018;A-101;dr in¿. Anna Szlachta;08:30;imiê_406;nazwisko_406;ET/E-DU;nr_albumu_406;dr hab. in¿. Robert Hanus, prof. PRz;dr in¿. Jakub Wojturski;-;EM
11.07.2018;A-101;dr in¿. Anna Szlachta;09:00;imiê_407;nazwisko_407;ET/E-DU;nr_albumu_407;prof. dr hab. in¿. Mykhaylo Dorozhovets;dr in¿. Jakub Wojturski;-;EM
11.07.2018;A-101;dr in¿. Anna Szlachta;09:30;imiê_408;nazwisko_408;EF-ZI;nr_albumu_408;prof. dr hab. in¿. Mykhaylo Dorozhovets;dr in¿. Jakub Wojturski;-;EM
11.07.2018;A-101;dr in¿. Anna Szlachta;10:30;imiê_409;nazwisko_409;EE-DI;nr_albumu_409;dr in¿. Wies³awa Malska;dr in¿. Tomasz Binkowski;-;EE
11.07.2018;A-101;dr in¿. Anna Szlachta;11:00;imiê_410;nazwisko_410;EE-DI;nr_albumu_410;dr in¿. Wies³awa Malska;dr in¿. Tomasz Binkowski;-;EE
11.07.2018;A-101;dr in¿. Anna Szlachta;11:30;imiê_411;nazwisko_411;EN/O-DU;nr_albumu_411;dr hab. in¿. Lúbomir Beòa, prof. PRz;dr in¿. Wies³awa Malska;-;EE
11.07.2018;A-101;dr in¿. Anna Szlachta;12:00;imiê_412;nazwisko_412;EN/O-DU;nr_albumu_412;dr hab. in¿. Lúbomir Beòa, prof. PRz;dr in¿. Henryk Wachta;-;EE
11.07.2018;A-101;dr in¿. Anna Szlachta;12:30;imiê_413;nazwisko_413;EN/O-DU;nr_albumu_413;dr hab. in¿. Lúbomir Beòa, prof. PRz;dr in¿. Henryk Wachta;-;EE
11.07.2018;A-101;dr in¿. Anna Szlachta;13:00;imiê_414;nazwisko_414;EN/O-DU;nr_albumu_414;dr hab. in¿. Stanis³aw Wyderka, prof. PRz;dr in¿. Wies³awa Malska;-;EE
11.07.2018;A-101;dr in¿. Anna Szlachta;13:30;imiê_415;nazwisko_415;EN/O-DU;nr_albumu_415;dr in¿. Wies³awa Malska;dr hab. in¿. Stanis³aw Wyderka, prof. PRz;-;EE
11.07.2018;A-101;dr in¿. Anna Szlachta;14:00;imiê_416;nazwisko_416;EN/O-DU;nr_albumu_416;dr in¿. Ma³gorzata £atka;dr hab. in¿. Stanis³aw Wyderka, prof. PRz;-;EE
11.07.2018;A-101;dr in¿. Anna Szlachta;14:30;imiê_417;nazwisko_417;EN/O-DU;nr_albumu_417;dr in¿. Ma³gorzata £atka;dr hab. in¿. Stanis³aw Wyderka, prof. PRz;-;EE
12.07.2018;A-101;dr in¿. Anna Szlachta;07:00;imiê_418;nazwisko_418;EF-ZI;nr_albumu_418;dr in¿. Tomasz Rak;dr in¿. Kazimierz Lal;-;EA
12.07.2018;A-101;dr in¿. Anna Szlachta;07:30;imiê_419;nazwisko_419;EE/EL-DU;nr_albumu_419;dr hab. Stanis³aw Paw³owski, prof. PRz;dr in¿. Jolanta Plewako;-;ED, EE
12.07.2018;A-101;dr in¿. Anna Szlachta;08:00;imiê_420;nazwisko_420;EE/EL-DU;nr_albumu_420;dr hab. Stanis³aw Paw³owski, prof. PRz;dr in¿. Jolanta Plewako;-;ED, EE
12.07.2018;A-101;dr in¿. Anna Szlachta;08:30;imiê_421;nazwisko_421;EE/EL-DU;nr_albumu_421;dr in¿. Jolanta Plewako;dr hab. Stanis³aw Paw³owski, prof. PRz;-;EE, ED
12.07.2018;A-101;dr in¿. Anna Szlachta;09:00;imiê_422;nazwisko_422;EE/EL-DU;nr_albumu_422;dr in¿. Jolanta Plewako;dr hab. Stanis³aw Paw³owski, prof. PRz;-;EE, ED
12.07.2018;A-101;dr in¿. Anna Szlachta;09:30;imiê_423;nazwisko_423;EF/AA-DU;nr_albumu_423;dr in¿. Mariusz M¹czka;dr hab. Stanis³aw Paw³owski, prof. PRz;-;EP, ED
12.07.2018;A-101;dr in¿. Anna Szlachta;10:00;imiê_424;nazwisko_424;EF/AA-DU;nr_albumu_424;dr in¿. Mariusz M¹czka;dr hab. Stanis³aw Paw³owski, prof. PRz;-;EP, ED
12.07.2018;A-101;dr in¿. Anna Szlachta;10:30;imiê_425;nazwisko_425;ET/E-DU;nr_albumu_425;dr in¿. Kazimierz Kamuda;dr hab. in¿. Marek Gotfryd, prof. PRz;-;EU
12.07.2018;A-101;dr in¿. Anna Szlachta;11:00;imiê_426;nazwisko_426;ET/E-DU;nr_albumu_426;dr in¿. Dariusz Klepacki;dr hab. in¿. Jerzy Potencki, prof. PRz;-;EU
12.07.2018;A-101;dr in¿. Anna Szlachta;11:30;imiê_427;nazwisko_427;ET/E-DU;nr_albumu_427;dr hab. in¿. Jerzy Potencki, prof. PRz;dr in¿. Grzegorz B³¹d;-;EU
12.07.2018;A-101;dr in¿. Anna Szlachta;12:00;imiê_428;nazwisko_428;ET/E-DU;nr_albumu_428;dr hab. in¿. Jerzy Potencki, prof. PRz;dr in¿. Grzegorz B³¹d;-;EU
12.07.2018;A-101;dr in¿. Anna Szlachta;12:30;imiê_429;nazwisko_429;ET/E-DU;nr_albumu_429;dr in¿. Grzegorz B³¹d;dr hab. in¿. Jerzy Potencki, prof. PRz;-;EU
12.07.2018;A-101;dr in¿. Anna Szlachta;13:00;imiê_430;nazwisko_430;ET/E-DU;nr_albumu_430;dr in¿. Grzegorz B³¹d;dr hab. in¿. Jerzy Potencki, prof. PRz;-;EU
12.07.2018;A-101;dr in¿. Anna Szlachta;13:30;imiê_431;nazwisko_431;ET/E-DU;nr_albumu_431;dr in¿. Grzegorz B³¹d;dr hab. in¿. Jerzy Potencki, prof. PRz;-;EU
12.07.2018;A-101;dr in¿. Anna Szlachta;14:00;imiê_432;nazwisko_432;EE/EL-DU;nr_albumu_432;dr in¿. Grzegorz B³¹d;dr hab. in¿. Adam Brañski, prof. PRz;-;EU, EK
12.07.2018;A-113;dr in¿. Witold Posiewa³a;07:30;imiê_433;nazwisko_433;EE/EL-DU;nr_albumu_433;dr hab. in¿. Jan Mróz, prof. PRz;dr in¿. Jadwiga P³oszyñska;-;ED
12.07.2018;A-113;dr in¿. Witold Posiewa³a;08:00;imiê_434;nazwisko_434;EE/EL-ZU;nr_albumu_434;dr in¿. Jadwiga P³oszyñska;dr hab. in¿. Jan Mróz, prof. PRz;-;ED
12.07.2018;A-113;dr in¿. Witold Posiewa³a;08:30;imiê_435;nazwisko_435;EN/O-DU;nr_albumu_435;dr in¿. Adam Mazurkiewicz;dr hab. in¿. Jan Mróz, prof. PRz;-;ED
12.07.2018;A-113;dr in¿. Witold Posiewa³a;09:00;imiê_436;nazwisko_436;EN/O-DU;nr_albumu_436;dr in¿. Adam Mazurkiewicz;dr hab. in¿. Jan Mróz, prof. PRz;-;ED
12.07.2018;A-113;dr in¿. Witold Posiewa³a;09:30;imiê_437;nazwisko_437;EN/O-DU;nr_albumu_437;dr in¿. Adam Mazurkiewicz;dr hab. in¿. Mariusz Korkosz, prof. PRz;-;ED
12.07.2018;A-113;dr in¿. Witold Posiewa³a;10:00;imiê_438;nazwisko_438;EE-ZI;nr_albumu_438;dr in¿. Danuta Pliœ;dr in¿. Piotr Bogusz;-;ED
12.07.2018;A-113;dr in¿. Witold Posiewa³a;10:30;imiê_439;nazwisko_439;EE-ZI;nr_albumu_439;dr in¿. Marek Go³êbiowski;dr in¿. Mariusz Gamracki;-;ET
12.07.2018;A-113;dr in¿. Witold Posiewa³a;11:00;imiê_440;nazwisko_440;EF/AA-DU;nr_albumu_440;dr in¿. Mariusz Gamracki;prof. dr hab. in¿. Les³aw Go³êbiowski;-;ET
12.07.2018;A-113;dr in¿. Witold Posiewa³a;11:30;imiê_441;nazwisko_441;EN/O-DU;nr_albumu_441;dr in¿. Robert Ziemba;dr hab. in¿. Damian Mazur, prof. PRz;-;ET
12.07.2018;A-113;dr in¿. Witold Posiewa³a;12:00;imiê_442;nazwisko_442;EE-ZI;nr_albumu_442;dr in¿. Andrzej Szpytma;dr in¿. Mariusz M¹czka;-;EP
12.07.2018;A-113;dr in¿. Witold Posiewa³a;12:30;imiê_443;nazwisko_443;EE/EL-DU;nr_albumu_443;dr hab. in¿. Janina Rz¹sa, prof. PRz;dr in¿. Tomasz Binkowski;-;EE
12.07.2018;A-113;dr in¿. Witold Posiewa³a;13:00;imiê_444;nazwisko_444;EE-ZI;nr_albumu_444;dr in¿. Barbara Kopeæ;dr in¿. Wies³awa Malska;-;EE
12.07.2018;A-113;dr in¿. Witold Posiewa³a;13:30;imiê_445;nazwisko_445;EE-ZI;nr_albumu_445;dr in¿. Barbara Kopeæ;dr in¿. Wies³awa Malska;-;EE
13.07.2018;A-113;dr in¿. Anna Szlachta;7:00;imiê_446;nazwisko_446;EF/AA-DU;nr_albumu_446;dr in¿. Marek Œnie¿ek;dr hab. in¿. Marian Wysocki, prof. PRz;-;EA
13.07.2018;A-113;dr in¿. Anna Szlachta;7:30;imiê_447;nazwisko_447;EF/AA-DU;nr_albumu_447;dr in¿. S³awomir Samolej;dr hab. in¿. Marian Wysocki, prof. PRz;-;EA
13.07.2018;A-113;dr in¿. Anna Szlachta;8:00;imiê_448;nazwisko_448;EF/C-DU;nr_albumu_448;dr in¿. Roman Zajdel;dr hab. in¿. Marian Wysocki, prof. PRz;-;EA
13.07.2018;A-113;dr in¿. Anna Szlachta;8:30;imiê_449;nazwisko_449;EF/AA-DU;nr_albumu_449;dr hab. in¿. Marian Wysocki, prof. PRz;dr in¿. Tomasz Kapuœciñski;-;EA
13.07.2018;A-113;dr in¿. Anna Szlachta;9:00;imiê_450;nazwisko_450;EF/C-DU;nr_albumu_450;dr hab. in¿. Ryszard Leniowski, prof. PRz;prof. dr hab. in¿. Jacek Kluska;dr in¿. Joanna Marnik;EA
13.07.2018;A-113;dr in¿. Anna Szlachta;9:30;imiê_451;nazwisko_451;EE/EL-ZU;nr_albumu_451;dr in¿. Wies³awa Malska;dr hab. in¿. Stanis³aw Wyderka, prof. PRz;-;EE
13.07.2018;A-113;dr in¿. Anna Szlachta;10:00;imiê_452;nazwisko_452;EE-DI;nr_albumu_452;dr in¿. Dariusz Sobczyñski;dr in¿. Tomasz Binkowski;-;EE
13.07.2018;A-113;dr in¿. Anna Szlachta;10:30;imiê_453;nazwisko_453;EE-DI;nr_albumu_453;dr in¿. Tomasz Binkowski;dr in¿. Dariusz Sobczyñski;-;EE
13.07.2018;A-113;dr in¿. Anna Szlachta;12:00;imiê_454;nazwisko_454;EF/AA-DU;nr_albumu_454;dr hab. in¿. Damian Mazur, prof. PRz;dr in¿. Robert Ziemba;-;ET
13.07.2018;A-113;dr in¿. Anna Szlachta;12:30;imiê_455;nazwisko_455;EF-ZI;nr_albumu_455;dr in¿. Mariusz Gamracki;dr in¿. Robert Ziemba;-;ET
13.07.2018;A-113;dr in¿. Anna Szlachta;13:00;imiê_456;nazwisko_456;ET/E-DU;nr_albumu_456;dr in¿. Roman Tabisz;dr hab. in¿. Adam Kowalczyk, prof. PRz;-;EM
13.07.2018;A-113;dr in¿. Anna Szlachta;13:30;imiê_457;nazwisko_457;EA-DI;nr_albumu_457;dr in¿. Wojciech Rz¹sa;dr in¿. Dariusz Rzoñca;-;EA
13.07.2018;A-113;dr in¿. Anna Szlachta;14:00;imiê_458;nazwisko_458;EF-DI;nr_albumu_458;dr in¿. Krzysztof Wiktorowicz;dr in¿. Tomasz Krzeszowski;-;EA
13.07.2018;A-113;dr in¿. Anna Szlachta;14:30;imiê_459;nazwisko_459;ET/E-DU;nr_albumu_459;dr in¿. Wies³aw Sabat;dr hab. in¿. Piotr Jankowski-Mihu³owicz;-;EU
13.07.2018;A-113;dr in¿. Anna Szlachta;15:00;imiê_460;nazwisko_460;ET/E-DU;nr_albumu_460;dr in¿. Wies³aw Sabat;dr hab. in¿. Piotr Jankowski-Mihu³owicz;-;EU
16.07.2018;A-101;dr in¿. Anna Szlachta;10:00;imiê_461;nazwisko_461;EF-DI;nr_albumu_461;dr in¿. Kazimierz Kamuda;dr in¿. Dariusz Klepacki;-;EU
06.09.2018;A-101;dr in¿. Anna Szlachta;8:00;imiê_462;nazwisko_462;EF/S-DU;nr_albumu_462;dr in¿. Mariusz Nycz;dr hab. in¿. Damian Mazur, prof. PRz;-;ES, ET
10.09.2018;A-101;dr in¿. Anna Szlachta;9:00;imiê_463;nazwisko_463;EN/O-DU;nr_albumu_463;dr in¿. Henryk Wachta;dr hab. in¿. Damian Mazur, prof. PRz;-;EE, ET
10.09.2018;A-101;dr in¿. Anna Szlachta;9:30;imiê_464;nazwisko_464;EN/O-DU;nr_albumu_464;dr hab. in¿. Damian Mazur, prof. PRz;dr in¿. Henryk Wachta;-;EE, ET
10.09.2018;A-101;dr in¿. Anna Szlachta;13:00;imiê_465;nazwisko_465;EF/AA-DU;nr_albumu_465;dr in¿. Maciej Kusy;prof. dr hab. in¿. Jacek Kluska;-;EP, EA
10.09.2018;A-101;dr in¿. Anna Szlachta;13:30;imiê_466;nazwisko_466;EF/AA-DU;nr_albumu_466;dr in¿. Maciej Kusy;prof. dr hab. in¿. Jacek Kluska;-;EP, EA
10.09.2018;A-101;dr in¿. Anna Szlachta;14:00;imiê_467;nazwisko_467;EF/C-DU;nr_albumu_467;dr in¿. Tomasz ¯abiñski;prof. dr hab. in¿. Jacek Kluska;-;EA
10.09.2018;A-101;dr in¿. Anna Szlachta;14:30;imiê_468;nazwisko_468;EE-ZI;nr_albumu_468;dr hab. in¿. Lúbomir Beòa, prof. PRz;dr in¿. Henryk Wachta;-;EE
10.09.2018;A-101;dr in¿. Anna Szlachta;15:00;imiê_469;nazwisko_469;EF/AA-DU;nr_albumu_469;dr in¿. Jan Sadolewski;dr hab. in¿. Zbigniew Œwider, prof. PRz;-;EA
11.09.2018;A-101;dr in¿. Anna Szlachta;8:00;imiê_470;nazwisko_470;EE-ZI;nr_albumu_470;dr hab. Stanis³aw Paw³owski, prof. PRz;dr in¿. Jolanta Plewako;-;ED, EE
11.09.2018;A-101;dr in¿. Anna Szlachta;8:30;imiê_471;nazwisko_471;EE-ZI;nr_albumu_471;dr hab. Stanis³aw Paw³owski, prof. PRz;dr in¿. Jolanta Plewako;-;ED, EE
11.09.2018;A-101;dr in¿. Anna Szlachta;9:00;imiê_472;nazwisko_472;EE-ZI;nr_albumu_472;dr hab. Stanis³aw Paw³owski, prof. PRz;dr in¿. Jolanta Plewako;-;ED, EE
11.09.2018;A-101;dr in¿. Anna Szlachta;9:30;imiê_473;nazwisko_473;EE-ZI;nr_albumu_473;dr hab. Stanis³aw Paw³owski, prof. PRz;dr in¿. Jolanta Plewako;-;ED, EE
11.09.2018;A-101;dr in¿. Anna Szlachta;10:00;imiê_474;nazwisko_474;EE-ZI;nr_albumu_474;dr in¿. Mariusz Trojnar;dr in¿. Robert Ziemba;-;ET
11.09.2018;A-101;dr in¿. Anna Szlachta;10:30;imiê_475;nazwisko_475;EE-ZI;nr_albumu_475;dr in¿. Mariusz Trojnar;dr in¿. Robert Ziemba;-;ET
11.09.2018;A-101;dr in¿. Anna Szlachta;11:00;imiê_476;nazwisko_476;EE-ZI;nr_albumu_476;dr in¿. Mariusz Trojnar;dr in¿. Robert Ziemba;-;ET
11.09.2018;A-101;dr in¿. Anna Szlachta;11:30;imiê_477;nazwisko_477;EF-ZI;nr_albumu_477;dr in¿. Mariusz Trojnar;dr in¿. Robert Ziemba;-;ET
11.09.2018;A-101;dr in¿. Anna Szlachta;12:00;imiê_478;nazwisko_478;EF-DI;nr_albumu_478;dr in¿. Mariusz Trojnar;dr in¿. Robert Ziemba;-;ET
12.09.2018;A-101;dr in¿. Anna Szlachta;13:00;imiê_479;nazwisko_479;EE-ZI;nr_albumu_479;dr in¿. Dariusz Sobczyñski;dr in¿. Wies³awa Malska;-;EE
12.09.2018;A-101;dr in¿. Anna Szlachta;13:30;imiê_480;nazwisko_480;EE-ZI;nr_albumu_480;dr in¿. Marek Go³êbiowski;dr hab. in¿. Damian Mazur, prof. PRz;-;ET
12.09.2018;A-101;dr in¿. Anna Szlachta;14:00;imiê_481;nazwisko_481;EE-ZI;nr_albumu_481;dr hab. in¿. Jerzy Potencki, prof. PRz;dr in¿. Grzegorz B³¹d;-;EU
13.09.2018;A-101;dr in¿. Anna Szlachta;8:00;imiê_482;nazwisko_482;EF-DI;nr_albumu_482;dr in¿. Jan Rodziñski;dr in¿. Piotr Bogusz;-;ED
13.09.2018;A-101;dr in¿. Anna Szlachta;8:30;imiê_483;nazwisko_483;EF-DI;nr_albumu_483;dr in¿. Antoni Szczepañski;dr in¿. Grzegorz Dra³us;-;ET
13.09.2018;A-101;dr in¿. Anna Szlachta;9:00;imiê_484;nazwisko_484;EF-DI;nr_albumu_484;dr in¿. S³awomir Samolej;dr in¿. Grzegorz Dec;-;EA
13.09.2018;A-101;dr in¿. Anna Szlachta;9:30;imiê_485;nazwisko_485;EF/S-DU;nr_albumu_485;dr in¿. Mariusz Gamracki;dr hab. in¿. Damian Mazur, prof. PRz;-;ET
13.09.2018;A-101;dr in¿. Anna Szlachta;10:00;imiê_486;nazwisko_486;EE-ZI;nr_albumu_486;dr in¿. Piotr Ptak;dr in¿. Krzysztof Mleczko;-;EP
13.09.2018;A-101;dr in¿. Anna Szlachta;10:30;imiê_487;nazwisko_487;EE-ZI;nr_albumu_487;dr in¿. Piotr Ptak;dr in¿. Krzysztof Mleczko;-;EP
19.09.2018;A-101;dr in¿. Witold Posiewa³a;13:30;imiê_488;nazwisko_488;EF/AA-DU;nr_albumu_488;prof. dr hab. in¿. Jacek Kluska;dr in¿. Maciej Kusy;-;EA
19.09.2018;A-101;dr in¿. Witold Posiewa³a;14:00;imiê_489;nazwisko_489;EF/AA-DU;nr_albumu_489;dr in¿. Grzegorz Dec;prof. dr hab. in¿. Jacek Kluska;-;EA
19.09.2018;A-101;dr in¿. Witold Posiewa³a;14:30;imiê_490;nazwisko_490;EF-ZI;nr_albumu_490;prof. dr hab. in¿. Jacek Kluska;dr in¿. Roman Zajdel;-;EA
19.09.2018;A-101;dr in¿. Witold Posiewa³a;15:00;imiê_491;nazwisko_491;EF/C-DU;nr_albumu_491;dr in¿. Bartosz Paw³owicz;dr hab. in¿. Jerzy Potencki, prof. PRz;-;EU
19.09.2018;A-101;dr in¿. Witold Posiewa³a;15:30;imiê_492;nazwisko_492;EF/C-DU;nr_albumu_492;dr in¿. Bartosz Paw³owicz;dr hab. in¿. Jerzy Potencki, prof. PRz;-;EU
20.09.2018;A-113;dr in¿. Anna Szlachta;8:00;imiê_493;nazwisko_493;EE/EL-DU;nr_albumu_493;prof. dr hab. in¿. Kazimierz Buczek;dr in¿. Tomasz Binkowski;-;EE
20.09.2018;A-101;dr in¿. Witold Posiewa³a;8:00;imiê_494;nazwisko_494;EE-DI;nr_albumu_494;dr in¿. Dariusz Sobczyñski;dr in¿. Wies³awa Malska;-;EE
20.09.2018;A-101;dr in¿. Witold Posiewa³a;8:30;imiê_495;nazwisko_495;EF/C-DU;nr_albumu_495;dr hab. in¿. Ryszard Leniowski, prof. PRz;dr in¿. S³awomir Samolej;-;EA
20.09.2018;A-101;dr in¿. Witold Posiewa³a;9:00;imiê_496;nazwisko_496;EF/C-DU;nr_albumu_496;dr hab. in¿. Ryszard Leniowski, prof. PRz;dr in¿. S³awomir Samolej;-;EA
20.09.2018;A-101;dr in¿. Witold Posiewa³a;9:30;imiê_497;nazwisko_497;EF/AA-DU;nr_albumu_497;dr in¿. Marcin Bednarek;dr hab. in¿. Ryszard Leniowski, prof. PRz;-;EA
20.09.2018;A-101;dr in¿. Witold Posiewa³a;10:00;imiê_498;nazwisko_498;EF/AA-DU;nr_albumu_498;dr in¿. Marcin Bednarek;dr hab. in¿. Ryszard Leniowski, prof. PRz;-;EA
21.09.2018;A-101;dr in¿. Witold Posiewa³a;7:30;imiê_499;nazwisko_499;EF/AA-DU;nr_albumu_499;dr in¿. Krzysztof Œwider;dr hab. in¿. Barbara Dêbska, prof. PRz;-;EA, CB
21.09.2018;A-101;dr in¿. Witold Posiewa³a;8:00;imiê_500;nazwisko_500;EF/AA-DU;nr_albumu_500;dr in¿. Bartosz Jêdrzejec;dr hab. in¿. Barbara Dêbska, prof. PRz;-;EA, CB
21.09.2018;A-101;dr in¿. Witold Posiewa³a;8:30;imiê_501;nazwisko_501;EF-ZI;nr_albumu_501;dr in¿. Krzysztof Œwider;dr in¿. Bartosz Jêdrzejec;-;EA
21.09.2018;A-101;dr in¿. Witold Posiewa³a;9:00;imiê_502;nazwisko_502;EE-ZI;nr_albumu_502;dr hab. Stanis³aw Paw³owski, prof. PRz;dr in¿. Jolanta Plewako;-;ED, EE
21.09.2018;A-101;dr in¿. Witold Posiewa³a;9:30;imiê_503;nazwisko_503;EE-ZI;nr_albumu_503;dr in¿. Ma³gorzata £atka;dr in¿. Danuta Pliœ;-;EE, ED
21.09.2018;A-101;dr in¿. Witold Posiewa³a;10:00;imiê_504;nazwisko_504;EF/C-DU;nr_albumu_504;dr in¿. Zbigniew Hajduk;dr hab. in¿. Ryszard Leniowski, prof. PRz;-;EA
21.09.2018;A-101;dr in¿. Witold Posiewa³a;10:30;imiê_505;nazwisko_505;EF/C-DU;nr_albumu_505;dr in¿. Zbigniew Hajduk;dr hab. in¿. Ryszard Leniowski, prof. PRz;-;EA
21.09.2018;A-101;dr in¿. Witold Posiewa³a;11:00;imiê_506;nazwisko_506;EF/AA-DU;nr_albumu_506;dr in¿. Tomasz Rak;dr hab. in¿. Franciszek Grabowski, prof. PRz;-;EA, ES
21.09.2018;A-101;dr in¿. Witold Posiewa³a;11:30;imiê_507;nazwisko_507;EF/S-DU;nr_albumu_507;dr in¿. Andrzej Paszkiewicz;dr hab. in¿. Franciszek Grabowski, prof. PRz;-;ES
21.09.2018;A-101;dr in¿. Witold Posiewa³a;12:00;imiê_508;nazwisko_508;EF-DI;nr_albumu_508;dr in¿. Grzegorz Dec;dr in¿. Bartosz Trybus;-;EA
21.09.2018;A-101;dr in¿. Witold Posiewa³a;12:30;imiê_509;nazwisko_509;EF-DI;nr_albumu_509;dr in¿. Grzegorz Dec;dr in¿. Bartosz Trybus;-;EA
21.09.2018;A-101;dr in¿. Witold Posiewa³a;13:00;imiê_510;nazwisko_510;EF-ZI;nr_albumu_510;dr in¿. Grzegorz Dec;dr in¿. Bartosz Trybus;-;EA
24.09.2018;A-101;dr hab. in¿. Les³aw Gniewek, prof. PRz;8:00;imiê_511;nazwisko_511;EF-ZI;nr_albumu_511;dr in¿. Witold Posiewa³a;dr hab. in¿. Damian Mazur, prof. PRz;-;ET
24.09.2018;A-101;dr hab. in¿. Les³aw Gniewek, prof. PRz;8:30;imiê_512;nazwisko_512;EN/O-DU;nr_albumu_512;dr in¿. Robert Ziemba;dr hab. in¿. Damian Mazur, prof. PRz;-;ET
24.09.2018;A-101;dr hab. in¿. Les³aw Gniewek, prof. PRz;9:00;imiê_513;nazwisko_513;EN/O-DU;nr_albumu_513;dr in¿. Robert Ziemba;dr hab. in¿. Damian Mazur, prof. PRz;-;ET
24.09.2018;A-101;dr hab. in¿. Les³aw Gniewek, prof. PRz;9:30;imiê_514;nazwisko_514;EF/S-ZU;nr_albumu_514;dr hab. in¿. Damian Mazur, prof. PRz;dr in¿. Robert Ziemba;-;ET
24.09.2018;A-101;dr hab. in¿. Les³aw Gniewek, prof. PRz;10:00;imiê_515;nazwisko_515;ET/E-DU;nr_albumu_515;dr hab. in¿. Piotr Jankowski-Mihu³owicz;dr in¿. Mariusz Wêglarski;-;EU
24.09.2018;A-101;dr hab. in¿. Les³aw Gniewek, prof. PRz;10:30;imiê_516;nazwisko_516;EE/EL-DU;nr_albumu_516;dr in¿. Grzegorz Dra³us;dr hab. in¿. Damian Mazur, prof. PRz;-;ET
24.09.2018;A-101;dr hab. in¿. Les³aw Gniewek, prof. PRz;11:00;imiê_517;nazwisko_517;EE/EL-DU;nr_albumu_517;dr in¿. Grzegorz Dra³us;dr hab. in¿. Damian Mazur, prof. PRz;-;ET
24.09.2018;A-101;dr hab. in¿. Les³aw Gniewek, prof. PRz;11:30;imiê_518;nazwisko_518;EF-DI;nr_albumu_518;dr in¿. Grzegorz Dra³us;dr hab. in¿. Damian Mazur, prof. PRz;-;ET
24.09.2018;A-101;dr hab. in¿. Les³aw Gniewek, prof. PRz;12:00;imiê_519;nazwisko_519;EF/AA-DU;nr_albumu_519;prof. dr hab. in¿. Leszek Trybus;dr in¿. Roman Zajdel;-;EA
24.09.2018;A-113;dr in¿. Witold Posiewa³a;8:30;imiê_520;nazwisko_520;EF-ZI;nr_albumu_520;dr hab. in¿. Jan Prokop, prof. PRz;dr in¿. Piotr Bogusz;-;ED
24.09.2018;A-113;dr in¿. Witold Posiewa³a;9:00;imiê_521;nazwisko_521;EE/EL-DU;nr_albumu_521;dr in¿. Piotr Bogusz;dr hab. in¿. Mariusz Korkosz, prof. PRz;-;ED
24.09.2018;A-113;dr in¿. Witold Posiewa³a;9:30;imiê_522;nazwisko_522;EE/EL-DU;nr_albumu_522;dr in¿. Piotr Bogusz;dr hab. in¿. Mariusz Korkosz, prof. PRz;-;ED
24.09.2018;A-113;dr in¿. Witold Posiewa³a;10:00;imiê_523;nazwisko_523;EF-ZI;nr_albumu_523;dr in¿. Jan Rodziñski;dr in¿. Piotr Bogusz;-;ED
24.09.2018;A-113;dr in¿. Witold Posiewa³a;10:30;imiê_524;nazwisko_524;EF-ZI;nr_albumu_524;dr in¿. Jan Rodziñski;dr in¿. Piotr Bogusz;-;ED
24.09.2018;A-113;dr in¿. Witold Posiewa³a;11:00;imiê_525;nazwisko_525;EF-ZI;nr_albumu_525;dr in¿. Jan Rodziñski;dr in¿. Piotr Bogusz;-;ED
24.09.2018;A-113;dr in¿. Witold Posiewa³a;11:30;imiê_526;nazwisko_526;EF-ZI;nr_albumu_526;dr in¿. Jan Rodziñski;dr in¿. Piotr Bogusz;-;ED
24.09.2018;A-113;dr in¿. Witold Posiewa³a;12:00;imiê_527;nazwisko_527;EN/O-DU;nr_albumu_527;dr in¿. Danuta Pliœ;dr hab. in¿. Mariusz Korkosz, prof. PRz;-;ED
25.09.2018;A-101;dr in¿. Witold Posiewa³a;08:00;imiê_528;nazwisko_528;EF-ZI;nr_albumu_528;dr in¿. Grzegorz Dec;dr in¿. Bartosz Trybus;-;EA
25.09.2018;A-101;dr in¿. Witold Posiewa³a;08:30;imiê_529;nazwisko_529;EN-DI;nr_albumu_529;dr in¿. Tomasz Binkowski;dr in¿. Wies³awa Malska;-;EE
26.09.2018;A-101;dr in¿. Anna Szlachta;7:30;imiê_530;nazwisko_530;EF/AA-DU;nr_albumu_530;dr in¿. Grzegorz Ha³daœ;dr hab. in¿. Zbigniew Œwider, prof. PRz;-;EP, EA
26.09.2018;A-101;dr in¿. Anna Szlachta;8:00;imiê_531;nazwisko_531;EF/C-DU;nr_albumu_531;dr hab. in¿. Zbigniew Œwider, prof. PRz;dr in¿. Andrzej Stec;-;EA
26.09.2018;A-101;dr in¿. Anna Szlachta;8:30;imiê_532;nazwisko_532;EF/C-DU;nr_albumu_532;dr in¿. Andrzej Stec;dr hab. in¿. Zbigniew Œwider, prof. PRz;-;EA
26.09.2018;A-101;dr in¿. Anna Szlachta;9:00;imiê_533;nazwisko_533;EA-DI;nr_albumu_533;dr in¿. Andrzej Stec;dr in¿. Dariusz Rzoñca;-;EA
26.09.2018;A-101;dr in¿. Anna Szlachta;9:30;imiê_534;nazwisko_534;EE-DI;nr_albumu_534;dr in¿. Mariusz Wêglarski;dr hab. in¿. Piotr Jankowski-Mihu³owicz;-;EU
26.09.2018;A-101;dr in¿. Anna Szlachta;10:00;imiê_535;nazwisko_535;EE/EL-ZU;nr_albumu_535;dr in¿. Jadwiga P³oszyñska;dr hab. in¿. Jan Mróz, prof. PRz;-;EP
26.09.2018;A-101;dr in¿. Anna Szlachta;11:30;imiê_536;nazwisko_536;EF-ZI;nr_albumu_536;dr in¿. Pawe³ Górka;dr in¿. Maciej Kusy;-;EP
26.09.2018;A-113;dr in¿. Witold Posiewa³a;7:30;imiê_537;nazwisko_537;EF/AA-DU;nr_albumu_537;dr in¿. Tomasz Kapuœciñski;dr hab. in¿. Marian Wysocki, prof. PRz;-;EA
26.09.2018;A-113;dr in¿. Witold Posiewa³a;8:00;imiê_538;nazwisko_538;EF/C-DU;nr_albumu_538;dr in¿. Kazimierz Lal;dr hab. in¿. Marian Wysocki, prof. PRz;-;EA
26.09.2018;A-113;dr in¿. Witold Posiewa³a;8:30;imiê_539;nazwisko_539;EF/S-ZU;nr_albumu_539;dr in¿. Kazimierz Lal;dr hab. in¿. Marian Wysocki, prof. PRz;-;EA
26.09.2018;A-113;dr in¿. Witold Posiewa³a;9:00;imiê_540;nazwisko_540;EF/S-ZU;nr_albumu_540;dr in¿. Joanna Marnik;dr hab. in¿. Marian Wysocki, prof. PRz;-;EA
26.09.2018;A-113;dr in¿. Witold Posiewa³a;9:30;imiê_541;nazwisko_541;EF/AA-DU;nr_albumu_541;dr in¿. Wojciech Rz¹sa;dr hab. in¿. Marian Wysocki, prof. PRz;-;EA
27.09.2018;A-101;dr in¿. Anna Szlachta;7:00;imiê_542;nazwisko_542;EF/S-DU;nr_albumu_542;dr in¿. Krzysztof Œwider;dr hab. in¿. Barbara Dêbska, prof. PRz;-;EA, CB
27.09.2018;A-101;dr in¿. Anna Szlachta;7:30;imiê_543;nazwisko_543;EF-ZI;nr_albumu_543;dr in¿. Krzysztof Œwider;dr in¿. Bartosz Jêdrzejec;-;EA
27.09.2018;A-101;dr in¿. Anna Szlachta;8:00;imiê_544;nazwisko_544;EF/C-DU;nr_albumu_544;dr hab. in¿. Les³aw Gniewek, prof. PRz;dr in¿. Krzysztof Wiktorowicz;-;EA
27.09.2018;A-101;dr in¿. Anna Szlachta;8:30;imiê_545;nazwisko_545;EF-ZI;nr_albumu_545;dr hab. in¿. Les³aw Gniewek, prof. PRz;dr in¿. Grzegorz Dec;-;EA
27.09.2018;A-101;dr in¿. Anna Szlachta;9:00;imiê_546;nazwisko_546;EF-DI;nr_albumu_546;dr in¿. Dominik Strza³ka;dr in¿. Pawe³ Dymora;-;ES
27.09.2018;A-101;dr in¿. Anna Szlachta;9:30;imiê_547;nazwisko_547;EF/S-DU;nr_albumu_547;dr in¿. Pawe³ Dymora;dr hab. in¿. Franciszek Grabowski, prof. PRz;-;ES
27.09.2018;A-101;dr in¿. Anna Szlachta;10:00;imiê_548;nazwisko_548;EF-DI;nr_albumu_548;dr in¿. Pawe³ Dymora;dr in¿. Miros³aw Mazurek;-;EA
27.09.2018;A-113;dr in¿. Witold Posiewa³a;7:00;imiê_549;nazwisko_549;ET/E-DU;nr_albumu_549;dr in¿. Jakub Wojturski;dr hab. in¿. Robert Hanus, prof. PRz;-;EM
27.09.2018;A-113;dr in¿. Witold Posiewa³a;7:30;imiê_550;nazwisko_550;EN/O-DU;nr_albumu_550;dr in¿. Jakub Wojturski;dr hab. in¿. Robert Hanus, prof. PRz;-;EM
27.09.2018;A-113;dr in¿. Witold Posiewa³a;8:00;imiê_551;nazwisko_551;ET/E-DU;nr_albumu_551;dr in¿. Roman Tabisz;dr hab. in¿. Robert Hanus, prof. PRz;-;EM
27.09.2018;A-113;dr in¿. Witold Posiewa³a;8:30;imiê_552;nazwisko_552;ET/E-DU;nr_albumu_552;dr in¿. Roman Tabisz;dr hab. in¿. Adam Kowalczyk, prof. PRz;-;EM
27.09.2018;A-113;dr in¿. Witold Posiewa³a;9:00;imiê_553;nazwisko_553;ET/E-DU;nr_albumu_553;prof. dr hab. in¿. Zenon Hotra;dr in¿. Dariusz Klepacki;-;EU
27.09.2018;A-113;dr in¿. Witold Posiewa³a;9:30;imiê_554;nazwisko_554;EF-ZI;nr_albumu_554;dr in¿. Tomasz ¯abiñski;dr in¿. Tomasz M¹czka;-;EA
28.09.2018;A-101;dr in¿. Anna Szlachta;14:00;imiê_555;nazwisko_555;EF-ZI;nr_albumu_555;dr in¿. Tomasz Krzeszowski;dr in¿. Krzysztof Wiktorowicz;-;EA
28.09.2018;A-101;dr in¿. Anna Szlachta;14:30;imiê_556;nazwisko_556;EF-ZI;nr_albumu_556;dr in¿. Kazimierz Kury³o;dr in¿. Bartosz Paw³owicz;-;EU
